Year,Label (Grouping),"Census Tract 4052, Alameda County, California!!Occupied housing units!!Estimate","Census Tract 4052, Alameda County, California!!Percent occupied housing units!!Estimate","Census Tract 4052, Alameda County, California!!Owner-occupied housing units!!Estimate","Census Tract 4052, Alameda County, California!!Percent owner-occupied housing units!!Estimate","Census Tract 4052, Alameda County, California!!Renter-occupied housing units!!Estimate","Census Tract 4052, Alameda County, California!!Percent renter-occupied housing units!!Estimate","Census Tract 4053.01, Alameda County, California!!Occupied housing units!!Estimate","Census Tract 4053.01, Alameda County, California!!Percent occupied housing units!!Estimate","Census Tract 4053.01, Alameda County, California!!Owner-occupied housing units!!Estimate","Census Tract 4053.01, Alameda County, California!!Percent owner-occupied housing units!!Estimate","Census Tract 4053.01, Alameda County, California!!Renter-occupied housing units!!Estimate","Census Tract 4053.01, Alameda County, California!!Percent renter-occupied housing units!!Estimate","Census Tract 4053.02, Alameda County, California!!Occupied housing units!!Estimate","Census Tract 4053.02, Alameda County, California!!Percent occupied housing units!!Estimate","Census Tract 4053.02, Alameda County, California!!Owner-occupied housing units!!Estimate","Census Tract 4053.02, Alameda County, California!!Percent owner-occupied housing units!!Estimate","Census Tract 4053.02, Alameda County, California!!Renter-occupied housing units!!Estimate","Census Tract 4053.02, Alameda County, California!!Percent renter-occupied housing units!!Estimate","Census Tract 4054.01, Alameda County, California!!Occupied housing units!!Estimate","Census Tract 4054.01, Alameda County, California!!Percent occupied housing units!!Estimate","Census Tract 4054.01, Alameda County, California!!Owner-occupied housing units!!Estimate","Census Tract 4054.01, Alameda County, California!!Percent owner-occupied housing units!!Estimate","Census Tract 4054.01, Alameda County, California!!Renter-occupied housing units!!Estimate","Census Tract 4054.01, Alameda County, California!!Percent renter-occupied housing units!!Estimate","Census Tract 4054.02, Alameda County, California!!Occupied housing units!!Estimate","Census Tract 4054.02, Alameda County, California!!Percent occupied housing units!!Estimate","Census Tract 4054.02, Alameda County, California!!Owner-occupied housing units!!Estimate","Census Tract 4054.02, Alameda County, California!!Percent owner-occupied housing units!!Estimate","Census Tract 4054.02, Alameda County, California!!Renter-occupied housing units!!Estimate","Census Tract 4054.02, Alameda County, California!!Percent renter-occupied housing units!!Estimate","Census Tract 4055, Alameda County, California!!Occupied housing units!!Estimate","Census Tract 4055, Alameda County, California!!Percent occupied housing units!!Estimate","Census Tract 4055, Alameda County, California!!Owner-occupied housing units!!Estimate","Census Tract 4055, Alameda County, California!!Percent owner-occupied housing units!!Estimate","Census Tract 4055, Alameda County, California!!Renter-occupied housing units!!Estimate","Census Tract 4055, Alameda County, California!!Percent renter-occupied housing units!!Estimate","Census Tract 4056, Alameda County, California!!Occupied housing units!!Estimate","Census Tract 4056, Alameda County, California!!Percent occupied housing units!!Estimate","Census Tract 4056, Alameda County, California!!Owner-occupied housing units!!Estimate","Census Tract 4056, Alameda County, California!!Percent owner-occupied housing units!!Estimate","Census Tract 4056, Alameda County, California!!Renter-occupied housing units!!Estimate","Census Tract 4056, Alameda County, California!!Percent renter-occupied housing units!!Estimate","Census Tract 4057, Alameda County, California!!Occupied housing units!!Estimate","Census Tract 4057, Alameda County, California!!Percent occupied housing units!!Estimate","Census Tract 4057, Alameda County, California!!Owner-occupied housing units!!Estimate","Census Tract 4057, Alameda County, California!!Percent owner-occupied housing units!!Estimate","Census Tract 4057, Alameda County, California!!Renter-occupied housing units!!Estimate","Census Tract 4057, Alameda County, California!!Percent renter-occupied housing units!!Estimate","Census Tract 4058, Alameda County, California!!Occupied housing units!!Estimate","Census Tract 4058, Alameda County, California!!Percent occupied housing units!!Estimate","Census Tract 4058, Alameda County, California!!Owner-occupied housing units!!Estimate","Census Tract 4058, Alameda County, California!!Percent owner-occupied housing units!!Estimate","Census Tract 4058, Alameda County, California!!Renter-occupied housing units!!Estimate","Census Tract 4058, Alameda County, California!!Percent renter-occupied housing units!!Estimate","Census Tract 4059.01, Alameda County, California!!Occupied housing units!!Estimate","Census Tract 4059.01, Alameda County, California!!Percent occupied housing units!!Estimate","Census Tract 4059.01, Alameda County, California!!Owner-occupied housing units!!Estimate","Census Tract 4059.01, Alameda County, California!!Percent owner-occupied housing units!!Estimate","Census Tract 4059.01, Alameda County, California!!Renter-occupied housing units!!Estimate","Census Tract 4059.01, Alameda County, California!!Percent renter-occupied housing units!!Estimate","Census Tract 4059.02, Alameda County, California!!Occupied housing units!!Estimate","Census Tract 4059.02, Alameda County, California!!Percent occupied housing units!!Estimate","Census Tract 4059.02, Alameda County, California!!Owner-occupied housing units!!Estimate","Census Tract 4059.02, Alameda County, California!!Percent owner-occupied housing units!!Estimate","Census Tract 4059.02, Alameda County, California!!Renter-occupied housing units!!Estimate","Census Tract 4059.02, Alameda County, California!!Percent renter-occupied housing units!!Estimate","Census Tract 4060, Alameda County, California!!Occupied housing units!!Estimate","Census Tract 4060, Alameda County, California!!Percent occupied housing units!!Estimate","Census Tract 4060, Alameda County, California!!Owner-occupied housing units!!Estimate","Census Tract 4060, Alameda County, California!!Percent owner-occupied housing units!!Estimate","Census Tract 4060, Alameda County, California!!Renter-occupied housing units!!Estimate","Census Tract 4060, Alameda County, California!!Percent renter-occupied housing units!!Estimate",Census Tract 4052; Alameda County; California!!Occupied housing units!!Estimate,Census Tract 4052; Alameda County; California!!Percent occupied housing units!!Estimate,Census Tract 4052; Alameda County; California!!Owner-occupied housing units!!Estimate,Census Tract 4052; Alameda County; California!!Percent owner-occupied housing units!!Estimate,Census Tract 4052; Alameda County; California!!Renter-occupied housing units!!Estimate,Census Tract 4052; Alameda County; California!!Percent renter-occupied housing units!!Estimate,Census Tract 4053.01; Alameda County; California!!Occupied housing units!!Estimate,Census Tract 4053.01; Alameda County; California!!Percent occupied housing units!!Estimate,Census Tract 4053.01; Alameda County; California!!Owner-occupied housing units!!Estimate,Census Tract 4053.01; Alameda County; California!!Percent owner-occupied housing units!!Estimate,Census Tract 4053.01; Alameda County; California!!Renter-occupied housing units!!Estimate,Census Tract 4053.01; Alameda County; California!!Percent renter-occupied housing units!!Estimate,Census Tract 4053.02; Alameda County; California!!Occupied housing units!!Estimate,Census Tract 4053.02; Alameda County; California!!Percent occupied housing units!!Estimate,Census Tract 4053.02; Alameda County; California!!Owner-occupied housing units!!Estimate,Census Tract 4053.02; Alameda County; California!!Percent owner-occupied housing units!!Estimate,Census Tract 4053.02; Alameda County; California!!Renter-occupied housing units!!Estimate,Census Tract 4053.02; Alameda County; California!!Percent renter-occupied housing units!!Estimate,Census Tract 4054.01; Alameda County; California!!Occupied housing units!!Estimate,Census Tract 4054.01; Alameda County; California!!Percent occupied housing units!!Estimate,Census Tract 4054.01; Alameda County; California!!Owner-occupied housing units!!Estimate,Census Tract 4054.01; Alameda County; California!!Percent owner-occupied housing units!!Estimate,Census Tract 4054.01; Alameda County; California!!Renter-occupied housing units!!Estimate,Census Tract 4054.01; Alameda County; California!!Percent renter-occupied housing units!!Estimate,Census Tract 4054.02; Alameda County; California!!Occupied housing units!!Estimate,Census Tract 4054.02; Alameda County; California!!Percent occupied housing units!!Estimate,Census Tract 4054.02; Alameda County; California!!Owner-occupied housing units!!Estimate,Census Tract 4054.02; Alameda County; California!!Percent owner-occupied housing units!!Estimate,Census Tract 4054.02; Alameda County; California!!Renter-occupied housing units!!Estimate,Census Tract 4054.02; Alameda County; California!!Percent renter-occupied housing units!!Estimate,Census Tract 4055; Alameda County; California!!Occupied housing units!!Estimate,Census Tract 4055; Alameda County; California!!Percent occupied housing units!!Estimate,Census Tract 4055; Alameda County; California!!Owner-occupied housing units!!Estimate,Census Tract 4055; Alameda County; California!!Percent owner-occupied housing units!!Estimate,Census Tract 4055; Alameda County; California!!Renter-occupied housing units!!Estimate,Census Tract 4055; Alameda County; California!!Percent renter-occupied housing units!!Estimate,Census Tract 4056; Alameda County; California!!Occupied housing units!!Estimate,Census Tract 4056; Alameda County; California!!Percent occupied housing units!!Estimate,Census Tract 4056; Alameda County; California!!Owner-occupied housing units!!Estimate,Census Tract 4056; Alameda County; California!!Percent owner-occupied housing units!!Estimate,Census Tract 4056; Alameda County; California!!Renter-occupied housing units!!Estimate,Census Tract 4056; Alameda County; California!!Percent renter-occupied housing units!!Estimate,Census Tract 4057; Alameda County; California!!Occupied housing units!!Estimate,Census Tract 4057; Alameda County; California!!Percent occupied housing units!!Estimate,Census Tract 4057; Alameda County; California!!Owner-occupied housing units!!Estimate,Census Tract 4057; Alameda County; California!!Percent owner-occupied housing units!!Estimate,Census Tract 4057; Alameda County; California!!Renter-occupied housing units!!Estimate,Census Tract 4057; Alameda County; California!!Percent renter-occupied housing units!!Estimate,Census Tract 4058; Alameda County; California!!Occupied housing units!!Estimate,Census Tract 4058; Alameda County; California!!Percent occupied housing units!!Estimate,Census Tract 4058; Alameda County; California!!Owner-occupied housing units!!Estimate,Census Tract 4058; Alameda County; California!!Percent owner-occupied housing units!!Estimate,Census Tract 4058; Alameda County; California!!Renter-occupied housing units!!Estimate,Census Tract 4058; Alameda County; California!!Percent renter-occupied housing units!!Estimate,Census Tract 4059.01; Alameda County; California!!Occupied housing units!!Estimate,Census Tract 4059.01; Alameda County; California!!Percent occupied housing units!!Estimate,Census Tract 4059.01; Alameda County; California!!Owner-occupied housing units!!Estimate,Census Tract 4059.01; Alameda County; California!!Percent owner-occupied housing units!!Estimate,Census Tract 4059.01; Alameda County; California!!Renter-occupied housing units!!Estimate,Census Tract 4059.01; Alameda County; California!!Percent renter-occupied housing units!!Estimate,Census Tract 4059.02; Alameda County; California!!Occupied housing units!!Estimate,Census Tract 4059.02; Alameda County; California!!Percent occupied housing units!!Estimate,Census Tract 4059.02; Alameda County; California!!Owner-occupied housing units!!Estimate,Census Tract 4059.02; Alameda County; California!!Percent owner-occupied housing units!!Estimate,Census Tract 4059.02; Alameda County; California!!Renter-occupied housing units!!Estimate,Census Tract 4059.02; Alameda County; California!!Percent renter-occupied housing units!!Estimate,Census Tract 4060; Alameda County; California!!Occupied housing units!!Estimate,Census Tract 4060; Alameda County; California!!Percent occupied housing units!!Estimate,Census Tract 4060; Alameda County; California!!Owner-occupied housing units!!Estimate,Census Tract 4060; Alameda County; California!!Percent owner-occupied housing units!!Estimate,Census Tract 4060; Alameda County; California!!Renter-occupied housing units!!Estimate,Census Tract 4060; Alameda County; California!!Percent renter-occupied housing units!!Estimate
2017,Occupied housing units,"2,407","2,407",642.0,642,"1,765","1,765","1,548","1,548",143.0,143,"1,405","1,405","1,448","1,448",77.0,77,"1,371","1,371","1,688","1,688",208.0,208,"1,480","1,480","1,133","1,133",84.0,84,"1,049","1,049","1,580","1,580",344.0,344,"1,236","1,236","1,371","1,371",433.0,433,938.0,938,"1,353","1,353",310.0,310,"1,043","1,043","1,333","1,333",468.0,468,865.0,865,"1,080","1,080",375.0,375,705.0,705,956.0,956,243.0,243,713.0,713,"1,405","1,405",136.0,136,"1,269","1,269",,,,,,,,,,,,,,,,,,,,,,,,,,,,,,,,,,,,,,,,,,,,,,,,,,,,,,,,,,,,,,,,,,,,,,,,
2017,    RACE AND HISPANIC OR LATINO ORIGIN OF HOUSEHOLDER,,,,,,,,,,,,,,,,,,,,,,,,,,,,,,,,,,,,,,,,,,,,,,,,,,,,,,,,,,,,,,,,,,,,,,,,,,,,,,,,,,,,,,,,,,,,,,,,,,,,,,,,,,,,,,,,,,,,,,,,,,,,,,,,,,,,,,,,,,,,,,,,
2017,        One race --,,,,,,,,,,,,,,,,,,,,,,,,,,,,,,,,,,,,,,,,,,,,,,,,,,,,,,,,,,,,,,,,,,,,,,,,,,,,,,,,,,,,,,,,,,,,,,,,,,,,,,,,,,,,,,,,,,,,,,,,,,,,,,,,,,,,,,,,,,,,,,,,
2017,            White,"1,080",44.9%,249.0,38.8%,831,47.1%,853,55.1%,75.0,52.4%,778,55.4%,619,42.7%,24.0,31.2%,595,43.4%,450,26.7%,61.0,29.3%,389,26.3%,219,19.3%,20.0,23.8%,199,19.0%,533,33.7%,115.0,33.4%,418,33.8%,571,41.6%,229.0,52.9%,342.0,36.5%,327,24.2%,79.0,25.5%,248,23.8%,262,19.7%,97.0,20.7%,165.0,19.1%,175,16.2%,36.0,9.6%,139.0,19.7%,181.0,18.9%,42.0,17.3%,139.0,19.5%,384,27.3%,28.0,20.6%,356,28.1%,,,,,,,,,,,,,,,,,,,,,,,,,,,,,,,,,,,,,,,,,,,,,,,,,,,,,,,,,,,,,,,,,,,,,,,,
2017,            Black or African American,419,17.4%,24.0,3.7%,395,22.4%,384,24.8%,5.0,3.5%,379,27.0%,228,15.7%,0.0,0.0%,228,16.6%,404,23.9%,11.0,5.3%,393,26.6%,350,30.9%,0.0,0.0%,350,33.4%,272,17.2%,68.0,19.8%,204,16.5%,273,19.9%,62.0,14.3%,211.0,22.5%,562,41.5%,102.0,32.9%,460,44.1%,393,29.5%,122.0,26.1%,271.0,31.3%,205,19.0%,109.0,29.1%,96.0,13.6%,196.0,20.5%,47.0,19.3%,149.0,20.9%,234,16.7%,0.0,0.0%,234,18.4%,,,,,,,,,,,,,,,,,,,,,,,,,,,,,,,,,,,,,,,,,,,,,,,,,,,,,,,,,,,,,,,,,,,,,,,,
2017,            American Indian and Alaska Native,46,1.9%,13.0,2.0%,33,1.9%,7,0.5%,0.0,0.0%,7,0.5%,7,0.5%,0.0,0.0%,7,0.5%,12,0.7%,0.0,0.0%,12,0.8%,42,3.7%,0.0,0.0%,42,4.0%,0,0.0%,0.0,0.0%,0,0.0%,46,3.4%,2.0,0.5%,44.0,4.7%,9,0.7%,0.0,0.0%,9,0.9%,9,0.7%,0.0,0.0%,9.0,1.0%,51,4.7%,22.0,5.9%,29.0,4.1%,11.0,1.2%,0.0,0.0%,11.0,1.5%,6,0.4%,0.0,0.0%,6,0.5%,,,,,,,,,,,,,,,,,,,,,,,,,,,,,,,,,,,,,,,,,,,,,,,,,,,,,,,,,,,,,,,,,,,,,,,,
2017,            Asian,594,24.7%,291.0,45.3%,303,17.2%,154,9.9%,40.0,28.0%,114,8.1%,463,32.0%,53.0,68.8%,410,29.9%,493,29.2%,118.0,56.7%,375,25.3%,319,28.2%,61.0,72.6%,258,24.6%,663,42.0%,141.0,41.0%,522,42.2%,307,22.4%,128.0,29.6%,179.0,19.1%,306,22.6%,80.0,25.8%,226,21.7%,510,38.3%,189.0,40.4%,321.0,37.1%,367,34.0%,163.0,43.5%,204.0,28.9%,409.0,42.8%,131.0,53.9%,278.0,39.0%,570,40.6%,98.0,72.1%,472,37.2%,,,,,,,,,,,,,,,,,,,,,,,,,,,,,,,,,,,,,,,,,,,,,,,,,,,,,,,,,,,,,,,,,,,,,,,,
2017,            Native Hawaiian and Other Pacific Islander,0,0.0%,0.0,0.0%,0,0.0%,7,0.5%,7.0,4.9%,0,0.0%,0,0.0%,0.0,0.0%,0,0.0%,0,0.0%,0.0,0.0%,0,0.0%,52,4.6%,0.0,0.0%,52,5.0%,6,0.4%,6.0,1.7%,0,0.0%,0,0.0%,0.0,0.0%,0.0,0.0%,0,0.0%,0.0,0.0%,0,0.0%,25,1.9%,0.0,0.0%,25.0,2.9%,0,0.0%,0.0,0.0%,0.0,0.0%,15.0,1.6%,0.0,0.0%,15.0,2.1%,7,0.5%,0.0,0.0%,7,0.6%,,,,,,,,,,,,,,,,,,,,,,,,,,,,,,,,,,,,,,,,,,,,,,,,,,,,,,,,,,,,,,,,,,,,,,,,
2017,            Some other race,152,6.3%,0.0,0.0%,152,8.6%,52,3.4%,0.0,0.0%,52,3.7%,59,4.1%,0.0,0.0%,59,4.3%,205,12.1%,0.0,0.0%,205,13.9%,108,9.5%,3.0,3.6%,105,10.0%,22,1.4%,0.0,0.0%,22,1.8%,77,5.6%,0.0,0.0%,77.0,8.2%,98,7.2%,49.0,15.8%,49,4.7%,70,5.3%,17.0,3.6%,53.0,6.1%,272,25.2%,45.0,12.0%,227.0,32.2%,118.0,12.3%,23.0,9.5%,95.0,13.3%,129,9.2%,0.0,0.0%,129,10.2%,,,,,,,,,,,,,,,,,,,,,,,,,,,,,,,,,,,,,,,,,,,,,,,,,,,,,,,,,,,,,,,,,,,,,,,,
2017,        Two or more races,116,4.8%,65.0,10.1%,51,2.9%,91,5.9%,16.0,11.2%,75,5.3%,72,5.0%,0.0,0.0%,72,5.3%,124,7.3%,18.0,8.7%,106,7.2%,43,3.8%,0.0,0.0%,43,4.1%,84,5.3%,14.0,4.1%,70,5.7%,97,7.1%,12.0,2.8%,85.0,9.1%,51,3.8%,0.0,0.0%,51,4.9%,64,4.8%,43.0,9.2%,21.0,2.4%,10,0.9%,0.0,0.0%,10.0,1.4%,26.0,2.7%,0.0,0.0%,26.0,3.6%,75,5.3%,10.0,7.4%,65,5.1%,,,,,,,,,,,,,,,,,,,,,,,,,,,,,,,,,,,,,,,,,,,,,,,,,,,,,,,,,,,,,,,,,,,,,,,,
2017,        Hispanic or Latino origin,394,16.4%,34.0,5.3%,360,20.4%,105,6.8%,0.0,0.0%,105,7.5%,139,9.6%,17.0,22.1%,122,8.9%,299,17.7%,24.0,11.5%,275,18.6%,188,16.6%,3.0,3.6%,185,17.6%,166,10.5%,23.0,6.7%,143,11.6%,285,20.8%,53.0,12.2%,232.0,24.7%,170,12.6%,48.0,15.5%,122,11.7%,214,16.1%,70.0,15.0%,144.0,16.6%,425,39.4%,98.0,26.1%,327.0,46.4%,215.0,22.5%,30.0,12.3%,185.0,25.9%,172,12.2%,0.0,0.0%,172,13.6%,,,,,,,,,,,,,,,,,,,,,,,,,,,,,,,,,,,,,,,,,,,,,,,,,,,,,,,,,,,,,,,,,,,,,,,,
2017,"        White alone, not Hispanic or Latino",911,37.8%,224.0,34.9%,687,38.9%,816,52.7%,75.0,52.4%,741,52.7%,544,37.6%,7.0,9.1%,537,39.2%,338,20.0%,37.0,17.8%,301,20.3%,191,16.9%,20.0,23.8%,171,16.3%,423,26.8%,92.0,26.7%,331,26.8%,399,29.1%,176.0,40.6%,223.0,23.8%,237,17.5%,70.0,22.6%,167,16.0%,163,12.2%,75.0,16.0%,88.0,10.2%,50,4.6%,0.0,0.0%,50.0,7.1%,97.0,10.1%,35.0,14.4%,62.0,8.7%,341,24.3%,28.0,20.6%,313,24.7%,,,,,,,,,,,,,,,,,,,,,,,,,,,,,,,,,,,,,,,,,,,,,,,,,,,,,,,,,,,,,,,,,,,,,,,,
2017,    AGE OF HOUSEHOLDER,,,,,,,,,,,,,,,,,,,,,,,,,,,,,,,,,,,,,,,,,,,,,,,,,,,,,,,,,,,,,,,,,,,,,,,,,,,,,,,,,,,,,,,,,,,,,,,,,,,,,,,,,,,,,,,,,,,,,,,,,,,,,,,,,,,,,,,,,,,,,,,,
2017,        Under 35 years,804,33.4%,53.0,8.3%,751,42.5%,459,29.7%,10.0,7.0%,449,32.0%,430,29.7%,0.0,0.0%,430,31.4%,553,32.8%,10.0,4.8%,543,36.7%,267,23.6%,0.0,0.0%,267,25.5%,528,33.4%,10.0,2.9%,518,41.9%,341,24.9%,59.0,13.6%,282.0,30.1%,417,30.8%,23.0,7.4%,394,37.8%,346,26.0%,47.0,10.0%,299.0,34.6%,263,24.4%,11.0,2.9%,252.0,35.7%,241.0,25.2%,29.0,11.9%,212.0,29.7%,334,23.8%,25.0,18.4%,309,24.3%,,,,,,,,,,,,,,,,,,,,,,,,,,,,,,,,,,,,,,,,,,,,,,,,,,,,,,,,,,,,,,,,,,,,,,,,
2017,        35 to 44 years,465,19.3%,132.0,20.6%,333,18.9%,379,24.5%,25.0,17.5%,354,25.2%,279,19.3%,0.0,0.0%,279,20.4%,323,19.1%,21.0,10.1%,302,20.4%,351,31.0%,27.0,32.1%,324,30.9%,236,14.9%,17.0,4.9%,219,17.7%,430,31.4%,113.0,26.1%,317.0,33.8%,280,20.7%,53.0,17.1%,227,21.8%,260,19.5%,70.0,15.0%,190.0,22.0%,146,13.5%,47.0,12.5%,99.0,14.0%,159.0,16.6%,40.0,16.5%,119.0,16.7%,253,18.0%,44.0,32.4%,209,16.5%,,,,,,,,,,,,,,,,,,,,,,,,,,,,,,,,,,,,,,,,,,,,,,,,,,,,,,,,,,,,,,,,,,,,,,,,
2017,        45 to 54 years,405,16.8%,68.0,10.6%,337,19.1%,295,19.1%,12.0,8.4%,283,20.1%,150,10.4%,0.0,0.0%,150,10.9%,344,20.4%,97.0,46.6%,247,16.7%,296,26.1%,17.0,20.2%,279,26.6%,321,20.3%,80.0,23.3%,241,19.5%,220,16.0%,76.0,17.6%,144.0,15.4%,194,14.3%,91.0,29.4%,103,9.9%,290,21.8%,115.0,24.6%,175.0,20.2%,287,26.6%,79.0,21.1%,208.0,29.5%,208.0,21.8%,67.0,27.6%,141.0,19.8%,278,19.8%,11.0,8.1%,267,21.0%,,,,,,,,,,,,,,,,,,,,,,,,,,,,,,,,,,,,,,,,,,,,,,,,,,,,,,,,,,,,,,,,,,,,,,,,
2017,        55 to 64 years,410,17.0%,162.0,25.2%,248,14.1%,154,9.9%,29.0,20.3%,125,8.9%,240,16.6%,24.0,31.2%,216,15.8%,238,14.1%,19.0,9.1%,219,14.8%,164,14.5%,27.0,32.1%,137,13.1%,283,17.9%,130.0,37.8%,153,12.4%,197,14.4%,80.0,18.5%,117.0,12.5%,322,23.8%,75.0,24.2%,247,23.7%,271,20.3%,104.0,22.2%,167.0,19.3%,202,18.7%,128.0,34.1%,74.0,10.5%,188.0,19.7%,57.0,23.5%,131.0,18.4%,209,14.9%,24.0,17.6%,185,14.6%,,,,,,,,,,,,,,,,,,,,,,,,,,,,,,,,,,,,,,,,,,,,,,,,,,,,,,,,,,,,,,,,,,,,,,,,
2017,        65 to 74 years,217,9.0%,142.0,22.1%,75,4.2%,168,10.9%,28.0,19.6%,140,10.0%,167,11.5%,8.0,10.4%,159,11.6%,149,8.8%,29.0,13.9%,120,8.1%,25,2.2%,0.0,0.0%,25,2.4%,108,6.8%,60.0,17.4%,48,3.9%,142,10.4%,71.0,16.4%,71.0,7.6%,107,7.9%,45.0,14.5%,62,5.9%,83,6.2%,74.0,15.8%,9.0,1.0%,122,11.3%,68.0,18.1%,54.0,7.7%,96.0,10.0%,33.0,13.6%,63.0,8.8%,209,14.9%,32.0,23.5%,177,13.9%,,,,,,,,,,,,,,,,,,,,,,,,,,,,,,,,,,,,,,,,,,,,,,,,,,,,,,,,,,,,,,,,,,,,,,,,
2017,        75 to 84 years,72,3.0%,72.0,11.2%,0,0.0%,80,5.2%,39.0,27.3%,41,2.9%,136,9.4%,36.0,46.8%,100,7.3%,64,3.8%,15.0,7.2%,49,3.3%,12,1.1%,5.0,6.0%,7,0.7%,58,3.7%,24.0,7.0%,34,2.8%,30,2.2%,23.0,5.3%,7.0,0.7%,23,1.7%,23.0,7.4%,0,0.0%,74,5.6%,49.0,10.5%,25.0,2.9%,60,5.6%,42.0,11.2%,18.0,2.6%,46.0,4.8%,12.0,4.9%,34.0,4.8%,97,6.9%,0.0,0.0%,97,7.6%,,,,,,,,,,,,,,,,,,,,,,,,,,,,,,,,,,,,,,,,,,,,,,,,,,,,,,,,,,,,,,,,,,,,,,,,
2017,        85 years and over,34,1.4%,13.0,2.0%,21,1.2%,13,0.8%,0.0,0.0%,13,0.9%,46,3.2%,9.0,11.7%,37,2.7%,17,1.0%,17.0,8.2%,0,0.0%,18,1.6%,8.0,9.5%,10,1.0%,46,2.9%,23.0,6.7%,23,1.9%,11,0.8%,11.0,2.5%,0.0,0.0%,10,0.7%,0.0,0.0%,10,1.0%,9,0.7%,9.0,1.9%,0.0,0.0%,0,0.0%,0.0,0.0%,0.0,0.0%,18.0,1.9%,5.0,2.1%,13.0,1.8%,25,1.8%,0.0,0.0%,25,2.0%,,,,,,,,,,,,,,,,,,,,,,,,,,,,,,,,,,,,,,,,,,,,,,,,,,,,,,,,,,,,,,,,,,,,,,,,
2017,    EDUCATIONAL ATTAINMENT OF HOUSEHOLDER,,,,,,,,,,,,,,,,,,,,,,,,,,,,,,,,,,,,,,,,,,,,,,,,,,,,,,,,,,,,,,,,,,,,,,,,,,,,,,,,,,,,,,,,,,,,,,,,,,,,,,,,,,,,,,,,,,,,,,,,,,,,,,,,,,,,,,,,,,,,,,,,
2017,        Less than high school graduate,99,4.1%,52.0,8.1%,47,2.7%,76,4.9%,11.0,7.7%,65,4.6%,334,23.1%,45.0,58.4%,289,21.1%,334,19.8%,95.0,45.7%,239,16.1%,221,19.5%,12.0,14.3%,209,19.9%,294,18.6%,78.0,22.7%,216,17.5%,199,14.5%,35.0,8.1%,164.0,17.5%,185,13.7%,70.0,22.6%,115,11.0%,354,26.6%,108.0,23.1%,246.0,28.4%,534,49.4%,153.0,40.8%,381.0,54.0%,380.0,39.7%,64.0,26.3%,316.0,44.3%,354,25.2%,0.0,0.0%,354,27.9%,,,,,,,,,,,,,,,,,,,,,,,,,,,,,,,,,,,,,,,,,,,,,,,,,,,,,,,,,,,,,,,,,,,,,,,,
2017,        High school graduate (includes equivalency),218,9.1%,122.0,19.0%,96,5.4%,92,5.9%,19.0,13.3%,73,5.2%,57,3.9%,0.0,0.0%,57,4.2%,272,16.1%,15.0,7.2%,257,17.4%,167,14.7%,5.0,6.0%,162,15.4%,256,16.2%,17.0,4.9%,239,19.3%,115,8.4%,23.0,5.3%,92.0,9.8%,235,17.4%,55.0,17.7%,180,17.3%,387,29.0%,69.0,14.7%,318.0,36.8%,203,18.8%,113.0,30.1%,90.0,12.8%,147.0,15.4%,36.0,14.8%,111.0,15.6%,253,18.0%,21.0,15.4%,232,18.3%,,,,,,,,,,,,,,,,,,,,,,,,,,,,,,,,,,,,,,,,,,,,,,,,,,,,,,,,,,,,,,,,,,,,,,,,
2017,        Some college or associate's degree,546,22.7%,160.0,24.9%,386,21.9%,365,23.6%,31.0,21.7%,334,23.8%,404,27.9%,25.0,32.5%,379,27.6%,617,36.6%,35.0,16.8%,582,39.3%,438,38.7%,47.0,56.0%,391,37.3%,386,24.4%,122.0,35.5%,264,21.4%,364,26.5%,70.0,16.2%,294.0,31.3%,536,39.6%,47.0,15.2%,489,46.9%,349,26.2%,130.0,27.8%,219.0,25.3%,312,28.9%,89.0,23.7%,223.0,31.6%,240.0,25.1%,76.0,31.3%,164.0,23.0%,378,26.9%,76.0,55.9%,302,23.8%,,,,,,,,,,,,,,,,,,,,,,,,,,,,,,,,,,,,,,,,,,,,,,,,,,,,,,,,,,,,,,,,,,,,,,,,
2017,        Bachelor's degree or higher,"1,544",64.1%,308.0,48.0%,"1,236",70.0%,"1,015",65.6%,82.0,57.3%,933,66.4%,653,45.1%,7.0,9.1%,646,47.1%,465,27.5%,63.0,30.3%,402,27.2%,307,27.1%,20.0,23.8%,287,27.4%,644,40.8%,127.0,36.9%,517,41.8%,693,50.5%,305.0,70.4%,388.0,41.4%,397,29.3%,138.0,44.5%,259,24.8%,243,18.2%,161.0,34.4%,82.0,9.5%,31,2.9%,20.0,5.3%,11.0,1.6%,189.0,19.8%,67.0,27.6%,122.0,17.1%,420,29.9%,39.0,28.7%,381,30.0%,,,,,,,,,,,,,,,,,,,,,,,,,,,,,,,,,,,,,,,,,,,,,,,,,,,,,,,,,,,,,,,,,,,,,,,,
2017,    YEAR HOUSEHOLDER MOVED INTO UNIT,,,,,,,,,,,,,,,,,,,,,,,,,,,,,,,,,,,,,,,,,,,,,,,,,,,,,,,,,,,,,,,,,,,,,,,,,,,,,,,,,,,,,,,,,,,,,,,,,,,,,,,,,,,,,,,,,,,,,,,,,,,,,,,,,,,,,,,,,,,,,,,,
2017,        Moved in 2015 or later,168,7.0%,16.0,2.5%,152,8.6%,126,8.1%,7.0,4.9%,119,8.5%,188,13.0%,7.0,9.1%,181,13.2%,162,9.6%,9.0,4.3%,153,10.3%,154,13.6%,9.0,10.7%,145,13.8%,256,16.2%,33.0,9.6%,223,18.0%,107,7.8%,32.0,7.4%,75.0,8.0%,111,8.2%,0.0,0.0%,111,10.6%,104,7.8%,29.0,6.2%,75.0,8.7%,60,5.6%,11.0,2.9%,49.0,7.0%,61.0,6.4%,22.0,9.1%,39.0,5.5%,169,12.0%,13.0,9.6%,156,12.3%,,,,,,,,,,,,,,,,,,,,,,,,,,,,,,,,,,,,,,,,,,,,,,,,,,,,,,,,,,,,,,,,,,,,,,,,
2017,        Moved in 2010 to 2014,903,37.5%,121.0,18.8%,782,44.3%,828,53.5%,25.0,17.5%,803,57.2%,759,52.4%,0.0,0.0%,759,55.4%,814,48.2%,35.0,16.8%,779,52.6%,573,50.6%,14.0,16.7%,559,53.3%,566,35.8%,60.0,17.4%,506,40.9%,534,38.9%,47.0,10.9%,487.0,51.9%,537,39.7%,63.0,20.3%,474,45.4%,528,39.6%,66.0,14.1%,462.0,53.4%,343,31.8%,60.0,16.0%,283.0,40.1%,457.0,47.8%,78.0,32.1%,379.0,53.2%,556,39.6%,44.0,32.4%,512,40.3%,,,,,,,,,,,,,,,,,,,,,,,,,,,,,,,,,,,,,,,,,,,,,,,,,,,,,,,,,,,,,,,,,,,,,,,,
2017,        Moved in 2000 to 2009,719,29.9%,146.0,22.7%,573,32.5%,353,22.8%,31.0,21.7%,322,22.9%,348,24.0%,14.0,18.2%,334,24.4%,386,22.9%,8.0,3.8%,378,25.5%,246,21.7%,32.0,38.1%,214,20.4%,371,23.5%,82.0,23.8%,289,23.4%,459,33.5%,177.0,40.9%,282.0,30.1%,403,29.8%,91.0,29.4%,312,29.9%,446,33.5%,164.0,35.0%,282.0,32.6%,406,37.6%,126.0,33.6%,280.0,39.7%,256.0,26.8%,61.0,25.1%,195.0,27.3%,389,27.7%,0.0,0.0%,389,30.7%,,,,,,,,,,,,,,,,,,,,,,,,,,,,,,,,,,,,,,,,,,,,,,,,,,,,,,,,,,,,,,,,,,,,,,,,
2017,        Moved in 1990 to 1999,340,14.1%,178.0,27.7%,162,9.2%,163,10.5%,35.0,24.5%,128,9.1%,95,6.6%,8.0,10.4%,87,6.3%,160,9.5%,42.0,20.2%,118,8.0%,111,9.8%,16.0,19.0%,95,9.1%,259,16.4%,111.0,32.3%,148,12.0%,128,9.3%,73.0,16.9%,55.0,5.9%,107,7.9%,34.0,11.0%,73,7.0%,166,12.5%,129.0,27.6%,37.0,4.3%,147,13.6%,60.0,16.0%,87.0,12.3%,109.0,11.4%,33.0,13.6%,76.0,10.7%,103,7.3%,11.0,8.1%,92,7.2%,,,,,,,,,,,,,,,,,,,,,,,,,,,,,,,,,,,,,,,,,,,,,,,,,,,,,,,,,,,,,,,,,,,,,,,,
2017,        Moved in 1980 to 1989,150,6.2%,54.0,8.4%,96,5.4%,43,2.8%,10.0,7.0%,33,2.3%,31,2.1%,31.0,40.3%,0,0.0%,110,6.5%,73.0,35.1%,37,2.5%,34,3.0%,5.0,6.0%,29,2.8%,79,5.0%,18.0,5.2%,61,4.9%,21,1.5%,0.0,0.0%,21.0,2.2%,101,7.5%,57.0,18.4%,44,4.2%,52,3.9%,43.0,9.2%,9.0,1.0%,23,2.1%,17.0,4.5%,6.0,0.9%,47.0,4.9%,36.0,14.8%,11.0,1.5%,152,10.8%,57.0,41.9%,95,7.5%,,,,,,,,,,,,,,,,,,,,,,,,,,,,,,,,,,,,,,,,,,,,,,,,,,,,,,,,,,,,,,,,,,,,,,,,
2017,        Moved in 1979 or earlier,127,5.3%,127.0,19.8%,0,0.0%,35,2.3%,35.0,24.5%,0,0.0%,27,1.9%,17.0,22.1%,10,0.7%,56,3.3%,41.0,19.7%,15,1.0%,15,1.3%,8.0,9.5%,7,0.7%,49,3.1%,40.0,11.6%,9,0.7%,122,8.9%,104.0,24.0%,18.0,1.9%,94,6.9%,65.0,21.0%,29,2.8%,37,2.8%,37.0,7.9%,0.0,0.0%,101,9.4%,101.0,26.9%,0.0,0.0%,26.0,2.7%,13.0,5.3%,13.0,1.8%,36,2.6%,11.0,8.1%,25,2.0%,,,,,,,,,,,,,,,,,,,,,,,,,,,,,,,,,,,,,,,,,,,,,,,,,,,,,,,,,,,,,,,,,,,,,,,,
2018,Occupied housing units,"2,427","2,427",658.0,658,"1,769","1,769","1,584","1,584",143.0,143,"1,441","1,441","1,401","1,401",86.0,86,"1,315","1,315","1,730","1,730",254.0,254,"1,476","1,476","1,167","1,167",122.0,122,"1,045","1,045","1,557","1,557",372.0,372,"1,185","1,185","1,409","1,409",418.0,418,991.0,991,"1,340","1,340",325.0,325,"1,015","1,015","1,351","1,351",443.0,443,908.0,908,"1,089","1,089",331.0,331,758.0,758,923.0,923,300.0,300,623.0,623,"1,465","1,465",179.0,179,"1,286","1,286",,,,,,,,,,,,,,,,,,,,,,,,,,,,,,,,,,,,,,,,,,,,,,,,,,,,,,,,,,,,,,,,,,,,,,,,
2018,    RACE AND HISPANIC OR LATINO ORIGIN OF HOUSEHOLDER,,,,,,,,,,,,,,,,,,,,,,,,,,,,,,,,,,,,,,,,,,,,,,,,,,,,,,,,,,,,,,,,,,,,,,,,,,,,,,,,,,,,,,,,,,,,,,,,,,,,,,,,,,,,,,,,,,,,,,,,,,,,,,,,,,,,,,,,,,,,,,,,
2018,        One race --,,,,,,,,,,,,,,,,,,,,,,,,,,,,,,,,,,,,,,,,,,,,,,,,,,,,,,,,,,,,,,,,,,,,,,,,,,,,,,,,,,,,,,,,,,,,,,,,,,,,,,,,,,,,,,,,,,,,,,,,,,,,,,,,,,,,,,,,,,,,,,,,
2018,            White,"1,164",48.0%,296.0,45.0%,868,49.1%,802,50.6%,61.0,42.7%,741,51.4%,670,47.8%,42.0,48.8%,628,47.8%,410,23.7%,51.0,20.1%,359,24.3%,278,23.8%,21.0,17.2%,257,24.6%,656,42.1%,165.0,44.4%,491,41.4%,637,45.2%,231.0,55.3%,406.0,41.0%,315,23.5%,110.0,33.8%,205,20.2%,277,20.5%,102.0,23.0%,175.0,19.3%,175,16.1%,42.0,12.7%,133.0,17.5%,156.0,16.9%,39.0,13.0%,117.0,18.8%,402,27.4%,57.0,31.8%,345,26.8%,,,,,,,,,,,,,,,,,,,,,,,,,,,,,,,,,,,,,,,,,,,,,,,,,,,,,,,,,,,,,,,,,,,,,,,,
2018,            Black or African American,411,16.9%,30.0,4.6%,381,21.5%,357,22.5%,8.0,5.6%,349,24.2%,169,12.1%,0.0,0.0%,169,12.9%,416,24.0%,25.0,9.8%,391,26.5%,377,32.3%,0.0,0.0%,377,36.1%,292,18.8%,58.0,15.6%,234,19.7%,300,21.3%,59.0,14.1%,241.0,24.3%,496,37.0%,72.0,22.2%,424,41.8%,369,27.3%,98.0,22.1%,271.0,29.8%,193,17.7%,80.0,24.2%,113.0,14.9%,169.0,18.3%,45.0,15.0%,124.0,19.9%,261,17.8%,0.0,0.0%,261,20.3%,,,,,,,,,,,,,,,,,,,,,,,,,,,,,,,,,,,,,,,,,,,,,,,,,,,,,,,,,,,,,,,,,,,,,,,,
2018,            American Indian and Alaska Native,25,1.0%,13.0,2.0%,12,0.7%,0,0.0%,0.0,0.0%,0,0.0%,8,0.6%,0.0,0.0%,8,0.6%,0,0.0%,0.0,0.0%,0,0.0%,43,3.7%,0.0,0.0%,43,4.1%,0,0.0%,0.0,0.0%,0,0.0%,45,3.2%,6.0,1.4%,39.0,3.9%,17,1.3%,0.0,0.0%,17,1.7%,17,1.3%,0.0,0.0%,17.0,1.9%,56,5.1%,23.0,6.9%,33.0,4.4%,11.0,1.2%,0.0,0.0%,11.0,1.8%,10,0.7%,0.0,0.0%,10,0.8%,,,,,,,,,,,,,,,,,,,,,,,,,,,,,,,,,,,,,,,,,,,,,,,,,,,,,,,,,,,,,,,,,,,,,,,,
2018,            Asian,604,24.9%,291.0,44.2%,313,17.7%,194,12.2%,55.0,38.5%,139,9.6%,443,31.6%,44.0,51.2%,399,30.3%,524,30.3%,157.0,61.8%,367,24.9%,292,25.0%,97.0,79.5%,195,18.7%,495,31.8%,134.0,36.0%,361,30.5%,249,17.7%,122.0,29.2%,127.0,12.8%,333,24.9%,79.0,24.3%,254,25.0%,531,39.3%,181.0,40.9%,350.0,38.5%,359,33.0%,165.0,49.8%,194.0,25.6%,443.0,48.0%,188.0,62.7%,255.0,40.9%,587,40.1%,114.0,63.7%,473,36.8%,,,,,,,,,,,,,,,,,,,,,,,,,,,,,,,,,,,,,,,,,,,,,,,,,,,,,,,,,,,,,,,,,,,,,,,,
2018,            Native Hawaiian and Other Pacific Islander,0,0.0%,0.0,0.0%,0,0.0%,14,0.9%,6.0,4.2%,8,0.6%,0,0.0%,0.0,0.0%,0,0.0%,0,0.0%,0.0,0.0%,0,0.0%,19,1.6%,0.0,0.0%,19,1.8%,11,0.7%,5.0,1.3%,6,0.5%,0,0.0%,0.0,0.0%,0.0,0.0%,0,0.0%,0.0,0.0%,0,0.0%,20,1.5%,0.0,0.0%,20.0,2.2%,11,1.0%,0.0,0.0%,11.0,1.5%,2.0,0.2%,0.0,0.0%,2.0,0.3%,8,0.5%,0.0,0.0%,8,0.6%,,,,,,,,,,,,,,,,,,,,,,,,,,,,,,,,,,,,,,,,,,,,,,,,,,,,,,,,,,,,,,,,,,,,,,,,
2018,            Some other race,125,5.2%,0.0,0.0%,125,7.1%,111,7.0%,0.0,0.0%,111,7.7%,55,3.9%,0.0,0.0%,55,4.2%,242,14.0%,0.0,0.0%,242,16.4%,112,9.6%,4.0,3.3%,108,10.3%,21,1.3%,0.0,0.0%,21,1.8%,97,6.9%,0.0,0.0%,97.0,9.8%,114,8.5%,64.0,19.7%,50,4.9%,95,7.0%,39.0,8.8%,56.0,6.2%,265,24.3%,21.0,6.3%,244.0,32.2%,119.0,12.9%,28.0,9.3%,91.0,14.6%,137,9.4%,0.0,0.0%,137,10.7%,,,,,,,,,,,,,,,,,,,,,,,,,,,,,,,,,,,,,,,,,,,,,,,,,,,,,,,,,,,,,,,,,,,,,,,,
2018,        Two or more races,98,4.0%,28.0,4.3%,70,4.0%,106,6.7%,13.0,9.1%,93,6.5%,56,4.0%,0.0,0.0%,56,4.3%,138,8.0%,21.0,8.3%,117,7.9%,46,3.9%,0.0,0.0%,46,4.4%,82,5.3%,10.0,2.7%,72,6.1%,81,5.7%,0.0,0.0%,81.0,8.2%,65,4.9%,0.0,0.0%,65,6.4%,42,3.1%,23.0,5.2%,19.0,2.1%,30,2.8%,0.0,0.0%,30.0,4.0%,23.0,2.5%,0.0,0.0%,23.0,3.7%,60,4.1%,8.0,4.5%,52,4.0%,,,,,,,,,,,,,,,,,,,,,,,,,,,,,,,,,,,,,,,,,,,,,,,,,,,,,,,,,,,,,,,,,,,,,,,,
2018,        Hispanic or Latino origin,370,15.2%,52.0,7.9%,318,18.0%,192,12.1%,0.0,0.0%,192,13.3%,142,10.1%,18.0,20.9%,124,9.4%,262,15.1%,10.0,3.9%,252,17.1%,210,18.0%,4.0,3.3%,206,19.7%,168,10.8%,28.0,7.5%,140,11.8%,295,20.9%,50.0,12.0%,245.0,24.7%,189,14.1%,71.0,21.8%,118,11.6%,211,15.6%,72.0,16.3%,139.0,15.3%,445,40.9%,81.0,24.5%,364.0,48.0%,175.0,19.0%,36.0,12.0%,139.0,22.3%,208,14.2%,0.0,0.0%,208,16.2%,,,,,,,,,,,,,,,,,,,,,,,,,,,,,,,,,,,,,,,,,,,,,,,,,,,,,,,,,,,,,,,,,,,,,,,,
2018,"        White alone, not Hispanic or Latino","1,013",41.7%,272.0,41.3%,741,41.9%,756,47.7%,61.0,42.7%,695,48.2%,576,41.1%,24.0,27.9%,552,42.0%,335,19.4%,41.0,16.1%,294,19.9%,232,19.9%,21.0,17.2%,211,20.2%,554,35.6%,137.0,36.8%,417,35.2%,470,33.4%,181.0,43.3%,289.0,29.2%,230,17.2%,92.0,28.3%,138,13.6%,193,14.3%,90.0,20.3%,103.0,11.3%,49,4.5%,0.0,0.0%,49.0,6.5%,106.0,11.5%,31.0,10.3%,75.0,12.0%,341,23.3%,57.0,31.8%,284,22.1%,,,,,,,,,,,,,,,,,,,,,,,,,,,,,,,,,,,,,,,,,,,,,,,,,,,,,,,,,,,,,,,,,,,,,,,,
2018,    AGE OF HOUSEHOLDER,,,,,,,,,,,,,,,,,,,,,,,,,,,,,,,,,,,,,,,,,,,,,,,,,,,,,,,,,,,,,,,,,,,,,,,,,,,,,,,,,,,,,,,,,,,,,,,,,,,,,,,,,,,,,,,,,,,,,,,,,,,,,,,,,,,,,,,,,,,,,,,,
2018,        Under 35 years,821,33.8%,36.0,5.5%,785,44.4%,442,27.9%,9.0,6.3%,433,30.0%,448,32.0%,0.0,0.0%,448,34.1%,621,35.9%,11.0,4.3%,610,41.3%,331,28.4%,9.0,7.4%,322,30.8%,506,32.5%,22.0,5.9%,484,40.8%,406,28.8%,58.0,13.9%,348.0,35.1%,407,30.4%,40.0,12.3%,367,36.2%,274,20.3%,43.0,9.7%,231.0,25.4%,287,26.4%,35.0,10.6%,252.0,33.2%,238.0,25.8%,35.0,11.7%,203.0,32.6%,297,20.3%,24.0,13.4%,273,21.2%,,,,,,,,,,,,,,,,,,,,,,,,,,,,,,,,,,,,,,,,,,,,,,,,,,,,,,,,,,,,,,,,,,,,,,,,
2018,        35 to 44 years,390,16.1%,95.0,14.4%,295,16.7%,429,27.1%,19.0,13.3%,410,28.5%,271,19.3%,0.0,0.0%,271,20.6%,323,18.7%,37.0,14.6%,286,19.4%,372,31.9%,14.0,11.5%,358,34.3%,235,15.1%,32.0,8.6%,203,17.1%,337,23.9%,91.0,21.8%,246.0,24.8%,301,22.5%,53.0,16.3%,248,24.4%,314,23.2%,59.0,13.3%,255.0,28.1%,143,13.1%,33.0,10.0%,110.0,14.5%,135.0,14.6%,40.0,13.3%,95.0,15.2%,242,16.5%,50.0,27.9%,192,14.9%,,,,,,,,,,,,,,,,,,,,,,,,,,,,,,,,,,,,,,,,,,,,,,,,,,,,,,,,,,,,,,,,,,,,,,,,
2018,        45 to 54 years,416,17.1%,112.0,17.0%,304,17.2%,317,20.0%,15.0,10.5%,302,21.0%,126,9.0%,0.0,0.0%,126,9.6%,315,18.2%,85.0,33.5%,230,15.6%,194,16.6%,25.0,20.5%,169,16.2%,302,19.4%,106.0,28.5%,196,16.5%,227,16.1%,90.0,21.5%,137.0,13.8%,184,13.7%,88.0,27.1%,96,9.5%,255,18.9%,99.0,22.3%,156.0,17.2%,278,25.5%,34.0,10.3%,244.0,32.2%,193.0,20.9%,64.0,21.3%,129.0,20.7%,317,21.6%,27.0,15.1%,290,22.6%,,,,,,,,,,,,,,,,,,,,,,,,,,,,,,,,,,,,,,,,,,,,,,,,,,,,,,,,,,,,,,,,,,,,,,,,
2018,        55 to 64 years,375,15.5%,131.0,19.9%,244,13.8%,132,8.3%,18.0,12.6%,114,7.9%,242,17.3%,34.0,39.5%,208,15.8%,216,12.5%,33.0,13.0%,183,12.4%,208,17.8%,52.0,42.6%,156,14.9%,258,16.6%,87.0,23.4%,171,14.4%,243,17.2%,78.0,18.7%,165.0,16.6%,298,22.2%,56.0,17.2%,242,23.8%,318,23.5%,133.0,30.0%,185.0,20.4%,188,17.3%,106.0,32.0%,82.0,10.8%,145.0,15.7%,65.0,21.7%,80.0,12.8%,273,18.6%,51.0,28.5%,222,17.3%,,,,,,,,,,,,,,,,,,,,,,,,,,,,,,,,,,,,,,,,,,,,,,,,,,,,,,,,,,,,,,,,,,,,,,,,
2018,        65 to 74 years,257,10.6%,158.0,24.0%,99,5.6%,195,12.3%,55.0,38.5%,140,9.7%,129,9.2%,16.0,18.6%,113,8.6%,192,11.1%,55.0,21.7%,137,9.3%,17,1.5%,0.0,0.0%,17,1.6%,129,8.3%,73.0,19.6%,56,4.7%,176,12.5%,81.0,19.4%,95.0,9.6%,116,8.7%,65.0,20.0%,51,5.0%,115,8.5%,82.0,18.5%,33.0,3.6%,141,12.9%,79.0,23.9%,62.0,8.2%,118.0,12.8%,54.0,18.0%,64.0,10.3%,234,16.0%,27.0,15.1%,207,16.1%,,,,,,,,,,,,,,,,,,,,,,,,,,,,,,,,,,,,,,,,,,,,,,,,,,,,,,,,,,,,,,,,,,,,,,,,
2018,        75 to 84 years,144,5.9%,102.0,15.5%,42,2.4%,69,4.4%,27.0,18.9%,42,2.9%,121,8.6%,31.0,36.0%,90,6.8%,44,2.5%,14.0,5.5%,30,2.0%,35,3.0%,12.0,9.8%,23,2.2%,64,4.1%,24.0,6.5%,40,3.4%,20,1.4%,20.0,4.8%,0.0,0.0%,23,1.7%,23.0,7.1%,0,0.0%,62,4.6%,14.0,3.2%,48.0,5.3%,52,4.8%,44.0,13.3%,8.0,1.1%,58.0,6.3%,19.0,6.3%,39.0,6.3%,82,5.6%,0.0,0.0%,82,6.4%,,,,,,,,,,,,,,,,,,,,,,,,,,,,,,,,,,,,,,,,,,,,,,,,,,,,,,,,,,,,,,,,,,,,,,,,
2018,        85 years and over,24,1.0%,24.0,3.6%,0,0.0%,0,0.0%,0.0,0.0%,0,0.0%,64,4.6%,5.0,5.8%,59,4.5%,19,1.1%,19.0,7.5%,0,0.0%,10,0.9%,10.0,8.2%,0,0.0%,63,4.0%,28.0,7.5%,35,3.0%,0,0.0%,0.0,0.0%,0.0,0.0%,11,0.8%,0.0,0.0%,11,1.1%,13,1.0%,13.0,2.9%,0.0,0.0%,0,0.0%,0.0,0.0%,0.0,0.0%,36.0,3.9%,23.0,7.7%,13.0,2.1%,20,1.4%,0.0,0.0%,20,1.6%,,,,,,,,,,,,,,,,,,,,,,,,,,,,,,,,,,,,,,,,,,,,,,,,,,,,,,,,,,,,,,,,,,,,,,,,
2018,    EDUCATIONAL ATTAINMENT OF HOUSEHOLDER,,,,,,,,,,,,,,,,,,,,,,,,,,,,,,,,,,,,,,,,,,,,,,,,,,,,,,,,,,,,,,,,,,,,,,,,,,,,,,,,,,,,,,,,,,,,,,,,,,,,,,,,,,,,,,,,,,,,,,,,,,,,,,,,,,,,,,,,,,,,,,,,
2018,        Less than high school graduate,81,3.3%,51.0,7.8%,30,1.7%,106,6.7%,34.0,23.8%,72,5.0%,269,19.2%,36.0,41.9%,233,17.7%,259,15.0%,90.0,35.4%,169,11.4%,197,16.9%,37.0,30.3%,160,15.3%,197,12.7%,72.0,19.4%,125,10.5%,185,13.1%,41.0,9.8%,144.0,14.5%,148,11.0%,60.0,18.5%,88,8.7%,368,27.2%,96.0,21.7%,272.0,30.0%,533,48.9%,128.0,38.7%,405.0,53.4%,340.0,36.8%,77.0,25.7%,263.0,42.2%,349,23.8%,0.0,0.0%,349,27.1%,,,,,,,,,,,,,,,,,,,,,,,,,,,,,,,,,,,,,,,,,,,,,,,,,,,,,,,,,,,,,,,,,,,,,,,,
2018,        High school graduate (includes equivalency),211,8.7%,107.0,16.3%,104,5.9%,56,3.5%,17.0,11.9%,39,2.7%,51,3.6%,0.0,0.0%,51,3.9%,224,12.9%,14.0,5.5%,210,14.2%,186,15.9%,21.0,17.2%,165,15.8%,173,11.1%,5.0,1.3%,168,14.2%,129,9.2%,14.0,3.3%,115.0,11.6%,208,15.5%,36.0,11.1%,172,16.9%,353,26.1%,53.0,12.0%,300.0,33.0%,187,17.2%,107.0,32.3%,80.0,10.6%,157.0,17.0%,71.0,23.7%,86.0,13.8%,208,14.2%,8.0,4.5%,200,15.6%,,,,,,,,,,,,,,,,,,,,,,,,,,,,,,,,,,,,,,,,,,,,,,,,,,,,,,,,,,,,,,,,,,,,,,,,
2018,        Some college or associate's degree,548,22.6%,115.0,17.5%,433,24.5%,345,21.8%,22.0,15.4%,323,22.4%,396,28.3%,34.0,39.5%,362,27.5%,694,40.1%,54.0,21.3%,640,43.4%,384,32.9%,43.0,35.2%,341,32.6%,444,28.5%,120.0,32.3%,324,27.3%,348,24.7%,77.0,18.4%,271.0,27.3%,553,41.3%,111.0,34.2%,442,43.5%,405,30.0%,161.0,36.3%,244.0,26.9%,314,28.8%,63.0,19.0%,251.0,33.1%,212.0,23.0%,53.0,17.7%,159.0,25.5%,434,29.6%,97.0,54.2%,337,26.2%,,,,,,,,,,,,,,,,,,,,,,,,,,,,,,,,,,,,,,,,,,,,,,,,,,,,,,,,,,,,,,,,,,,,,,,,
2018,        Bachelor's degree or higher,"1,587",65.4%,385.0,58.5%,"1,202",67.9%,"1,077",68.0%,70.0,49.0%,"1,007",69.9%,685,48.9%,16.0,18.6%,669,50.9%,553,32.0%,96.0,37.8%,457,31.0%,400,34.3%,21.0,17.2%,379,36.3%,743,47.7%,175.0,47.0%,568,47.9%,747,53.0%,286.0,68.4%,461.0,46.5%,431,32.2%,118.0,36.3%,313,30.8%,225,16.7%,133.0,30.0%,92.0,10.1%,55,5.1%,33.0,10.0%,22.0,2.9%,214.0,23.2%,99.0,33.0%,115.0,18.5%,474,32.4%,74.0,41.3%,400,31.1%,,,,,,,,,,,,,,,,,,,,,,,,,,,,,,,,,,,,,,,,,,,,,,,,,,,,,,,,,,,,,,,,,,,,,,,,
2018,    YEAR HOUSEHOLDER MOVED INTO UNIT,,,,,,,,,,,,,,,,,,,,,,,,,,,,,,,,,,,,,,,,,,,,,,,,,,,,,,,,,,,,,,,,,,,,,,,,,,,,,,,,,,,,,,,,,,,,,,,,,,,,,,,,,,,,,,,,,,,,,,,,,,,,,,,,,,,,,,,,,,,,,,,,
2018,        Moved in 2017 or later,64,2.6%,0.0,0.0%,64,3.6%,122,7.7%,0.0,0.0%,122,8.5%,77,5.5%,16.0,18.6%,61,4.6%,54,3.1%,0.0,0.0%,54,3.7%,49,4.2%,0.0,0.0%,49,4.7%,77,4.9%,28.0,7.5%,49,4.1%,11,0.8%,11.0,2.6%,0.0,0.0%,10,0.7%,0.0,0.0%,10,1.0%,40,3.0%,0.0,0.0%,40.0,4.4%,43,3.9%,23.0,6.9%,20.0,2.6%,28.0,3.0%,0.0,0.0%,28.0,4.5%,100,6.8%,7.0,3.9%,93,7.2%,,,,,,,,,,,,,,,,,,,,,,,,,,,,,,,,,,,,,,,,,,,,,,,,,,,,,,,,,,,,,,,,,,,,,,,,
2018,        Moved in 2015 to 2016,236,9.7%,47.0,7.1%,189,10.7%,154,9.7%,7.0,4.9%,147,10.2%,201,14.3%,0.0,0.0%,201,15.3%,209,12.1%,10.0,3.9%,199,13.5%,191,16.4%,10.0,8.2%,181,17.3%,241,15.5%,22.0,5.9%,219,18.5%,175,12.4%,55.0,13.2%,120.0,12.1%,153,11.4%,7.0,2.2%,146,14.4%,145,10.7%,45.0,10.2%,100.0,11.0%,67,6.2%,12.0,3.6%,55.0,7.3%,76.0,8.2%,23.0,7.7%,53.0,8.5%,147,10.0%,15.0,8.4%,132,10.3%,,,,,,,,,,,,,,,,,,,,,,,,,,,,,,,,,,,,,,,,,,,,,,,,,,,,,,,,,,,,,,,,,,,,,,,,
2018,        Moved in 2010 to 2014,835,34.4%,132.0,20.1%,703,39.7%,725,45.8%,22.0,15.4%,703,48.8%,619,44.2%,8.0,9.3%,611,46.5%,865,50.0%,30.0,11.8%,835,56.6%,596,51.1%,30.0,24.6%,566,54.2%,482,31.0%,53.0,14.2%,429,36.2%,518,36.8%,39.0,9.3%,479.0,48.3%,514,38.4%,77.0,23.7%,437,43.1%,518,38.3%,66.0,14.9%,452.0,49.8%,370,34.0%,60.0,18.1%,310.0,40.9%,411.0,44.5%,63.0,21.0%,348.0,55.9%,475,32.4%,52.0,29.1%,423,32.9%,,,,,,,,,,,,,,,,,,,,,,,,,,,,,,,,,,,,,,,,,,,,,,,,,,,,,,,,,,,,,,,,,,,,,,,,
2018,        Moved in 2000 to 2009,626,25.8%,110.0,16.7%,516,29.2%,364,23.0%,24.0,16.8%,340,23.6%,348,24.8%,11.0,12.8%,337,25.6%,276,16.0%,17.0,6.7%,259,17.5%,203,17.4%,38.0,31.1%,165,15.8%,376,24.1%,86.0,23.1%,290,24.5%,447,31.7%,159.0,38.0%,288.0,29.1%,399,29.8%,92.0,28.3%,307,30.2%,369,27.3%,94.0,21.2%,275.0,30.3%,340,31.2%,75.0,22.7%,265.0,35.0%,197.0,21.3%,67.0,22.3%,130.0,20.9%,433,29.6%,10.0,5.6%,423,32.9%,,,,,,,,,,,,,,,,,,,,,,,,,,,,,,,,,,,,,,,,,,,,,,,,,,,,,,,,,,,,,,,,,,,,,,,,
2018,        Moved in 1990 to 1999,344,14.2%,170.0,25.8%,174,9.8%,165,10.4%,54.0,37.8%,111,7.7%,101,7.2%,8.0,9.3%,93,7.1%,161,9.3%,68.0,26.8%,93,6.3%,67,5.7%,22.0,18.0%,45,4.3%,265,17.0%,101.0,27.2%,164,13.8%,144,10.2%,81.0,19.4%,63.0,6.4%,110,8.2%,44.0,13.5%,66,6.5%,150,11.1%,116.0,26.2%,34.0,3.7%,133,12.2%,29.0,8.8%,104.0,13.7%,131.0,14.2%,72.0,24.0%,59.0,9.5%,98,6.7%,31.0,17.3%,67,5.2%,,,,,,,,,,,,,,,,,,,,,,,,,,,,,,,,,,,,,,,,,,,,,,,,,,,,,,,,,,,,,,,,,,,,,,,,
2018,        Moved in 1989 or earlier,322,13.3%,199.0,30.2%,123,7.0%,54,3.4%,36.0,25.2%,18,1.2%,55,3.9%,43.0,50.0%,12,0.9%,165,9.5%,129.0,50.8%,36,2.4%,61,5.2%,22.0,18.0%,39,3.7%,116,7.5%,82.0,22.0%,34,2.9%,114,8.1%,73.0,17.5%,41.0,4.1%,154,11.5%,105.0,32.3%,49,4.8%,129,9.5%,122.0,27.5%,7.0,0.8%,136,12.5%,132.0,39.9%,4.0,0.5%,80.0,8.7%,75.0,25.0%,5.0,0.8%,212,14.5%,64.0,35.8%,148,11.5%,,,,,,,,,,,,,,,,,,,,,,,,,,,,,,,,,,,,,,,,,,,,,,,,,,,,,,,,,,,,,,,,,,,,,,,,
2019,Occupied housing units,"2,414","2,414",730.0,730,"1,684","1,684","1,572","1,572",171.0,171,"1,401","1,401","1,377","1,377",85.0,85,"1,292","1,292","1,657","1,657",219.0,219,"1,438","1,438","1,180","1,180",117.0,117,"1,063","1,063","1,572","1,572",407.0,407,"1,165","1,165","1,386","1,386",435.0,435,951.0,951,"1,368","1,368",400.0,400,968.0,968,"1,338","1,338",461.0,461,877.0,877,"1,100","1,100",328.0,328,772.0,772,925.0,925,295.0,295,630.0,630,"1,551","1,551",236.0,236,"1,315","1,315",,,,,,,,,,,,,,,,,,,,,,,,,,,,,,,,,,,,,,,,,,,,,,,,,,,,,,,,,,,,,,,,,,,,,,,,
2019,    RACE AND HISPANIC OR LATINO ORIGIN OF HOUSEHOLDER,,,,,,,,,,,,,,,,,,,,,,,,,,,,,,,,,,,,,,,,,,,,,,,,,,,,,,,,,,,,,,,,,,,,,,,,,,,,,,,,,,,,,,,,,,,,,,,,,,,,,,,,,,,,,,,,,,,,,,,,,,,,,,,,,,,,,,,,,,,,,,,,
2019,        One race --,,,,,,,,,,,,,,,,,,,,,,,,,,,,,,,,,,,,,,,,,,,,,,,,,,,,,,,,,,,,,,,,,,,,,,,,,,,,,,,,,,,,,,,,,,,,,,,,,,,,,,,,,,,,,,,,,,,,,,,,,,,,,,,,,,,,,,,,,,,,,,,,
2019,            White,"1,230",51.0%,321.0,44.0%,909,54.0%,907,57.7%,100.0,58.5%,807,57.6%,572,41.5%,24.0,28.2%,548,42.4%,441,26.6%,44.0,20.1%,397,27.6%,271,23.0%,34.0,29.1%,237,22.3%,555,35.3%,136.0,33.4%,419,36.0%,636,45.9%,261.0,60.0%,375.0,39.4%,293,21.4%,129.0,32.3%,164.0,16.9%,275,20.6%,124.0,26.9%,151.0,17.2%,162,14.7%,13.0,4.0%,149.0,19.3%,139.0,15.0%,61.0,20.7%,78.0,12.4%,523,33.7%,66.0,28.0%,457,34.8%,,,,,,,,,,,,,,,,,,,,,,,,,,,,,,,,,,,,,,,,,,,,,,,,,,,,,,,,,,,,,,,,,,,,,,,,
2019,            Black or African American,342,14.2%,6.0,0.8%,336,20.0%,243,15.5%,11.0,6.4%,232,16.6%,233,16.9%,0.0,0.0%,233,18.0%,314,18.9%,5.0,2.3%,309,21.5%,365,30.9%,0.0,0.0%,365,34.3%,419,26.7%,107.0,26.3%,312,26.8%,305,22.0%,23.0,5.3%,282.0,29.7%,451,33.0%,97.0,24.3%,354.0,36.6%,372,27.8%,126.0,27.3%,246.0,28.1%,191,17.4%,82.0,25.0%,109.0,14.1%,183.0,19.8%,44.0,14.9%,139.0,22.1%,271,17.5%,0.0,0.0%,271,20.6%,,,,,,,,,,,,,,,,,,,,,,,,,,,,,,,,,,,,,,,,,,,,,,,,,,,,,,,,,,,,,,,,,,,,,,,,
2019,            American Indian and Alaska Native,15,0.6%,15.0,2.1%,0,0.0%,0,0.0%,0.0,0.0%,0,0.0%,8,0.6%,0.0,0.0%,8,0.6%,0,0.0%,0.0,0.0%,0,0.0%,45,3.8%,0.0,0.0%,45,4.2%,7,0.4%,0.0,0.0%,7,0.6%,39,2.8%,0.0,0.0%,39.0,4.1%,14,1.0%,0.0,0.0%,14.0,1.4%,19,1.4%,0.0,0.0%,19.0,2.2%,19,1.7%,6.0,1.8%,13.0,1.7%,6.0,0.6%,0.0,0.0%,6.0,1.0%,6,0.4%,0.0,0.0%,6,0.5%,,,,,,,,,,,,,,,,,,,,,,,,,,,,,,,,,,,,,,,,,,,,,,,,,,,,,,,,,,,,,,,,,,,,,,,,
2019,            Asian,599,24.8%,342.0,46.8%,257,15.3%,186,11.8%,40.0,23.4%,146,10.4%,490,35.6%,61.0,71.8%,429,33.2%,539,32.5%,161.0,73.5%,378,26.3%,302,25.6%,74.0,63.2%,228,21.4%,463,29.5%,146.0,35.9%,317,27.2%,247,17.8%,151.0,34.7%,96.0,10.1%,413,30.2%,126.0,31.5%,287.0,29.6%,525,39.2%,164.0,35.6%,361.0,41.2%,394,35.8%,183.0,55.8%,211.0,27.3%,430.0,46.5%,163.0,55.3%,267.0,42.4%,567,36.6%,162.0,68.6%,405,30.8%,,,,,,,,,,,,,,,,,,,,,,,,,,,,,,,,,,,,,,,,,,,,,,,,,,,,,,,,,,,,,,,,,,,,,,,,
2019,            Native Hawaiian and Other Pacific Islander,0,0.0%,0.0,0.0%,0,0.0%,13,0.8%,5.0,2.9%,8,0.6%,0,0.0%,0.0,0.0%,0,0.0%,0,0.0%,0.0,0.0%,0,0.0%,18,1.5%,0.0,0.0%,18,1.7%,15,1.0%,6.0,1.5%,9,0.8%,0,0.0%,0.0,0.0%,0.0,0.0%,0,0.0%,0.0,0.0%,0.0,0.0%,25,1.9%,0.0,0.0%,25.0,2.9%,9,0.8%,0.0,0.0%,9.0,1.2%,0.0,0.0%,0.0,0.0%,0.0,0.0%,3,0.2%,0.0,0.0%,3,0.2%,,,,,,,,,,,,,,,,,,,,,,,,,,,,,,,,,,,,,,,,,,,,,,,,,,,,,,,,,,,,,,,,,,,,,,,,
2019,            Some other race,132,5.5%,0.0,0.0%,132,7.8%,107,6.8%,0.0,0.0%,107,7.6%,25,1.8%,0.0,0.0%,25,1.9%,245,14.8%,0.0,0.0%,245,17.0%,116,9.8%,9.0,7.7%,107,10.1%,30,1.9%,5.0,1.2%,25,2.1%,76,5.5%,0.0,0.0%,76.0,8.0%,118,8.6%,48.0,12.0%,70.0,7.2%,79,5.9%,33.0,7.2%,46.0,5.2%,286,26.0%,44.0,13.4%,242.0,31.3%,137.0,14.8%,23.0,7.8%,114.0,18.1%,132,8.5%,0.0,0.0%,132,10.0%,,,,,,,,,,,,,,,,,,,,,,,,,,,,,,,,,,,,,,,,,,,,,,,,,,,,,,,,,,,,,,,,,,,,,,,,
2019,        Two or more races,96,4.0%,46.0,6.3%,50,3.0%,116,7.4%,15.0,8.8%,101,7.2%,49,3.6%,0.0,0.0%,49,3.8%,118,7.1%,9.0,4.1%,109,7.6%,63,5.3%,0.0,0.0%,63,5.9%,83,5.3%,7.0,1.7%,76,6.5%,83,6.0%,0.0,0.0%,83.0,8.7%,79,5.8%,0.0,0.0%,79.0,8.2%,43,3.2%,14.0,3.0%,29.0,3.3%,39,3.5%,0.0,0.0%,39.0,5.1%,30.0,3.2%,4.0,1.4%,26.0,4.1%,49,3.2%,8.0,3.4%,41,3.1%,,,,,,,,,,,,,,,,,,,,,,,,,,,,,,,,,,,,,,,,,,,,,,,,,,,,,,,,,,,,,,,,,,,,,,,,
2019,        Hispanic or Latino origin,325,13.5%,46.0,6.3%,279,16.6%,208,13.2%,0.0,0.0%,208,14.8%,106,7.7%,0.0,0.0%,106,8.2%,276,16.7%,10.0,4.6%,266,18.5%,194,16.4%,9.0,7.7%,185,17.4%,140,8.9%,28.0,6.9%,112,9.6%,268,19.3%,57.0,13.1%,211.0,22.2%,149,10.9%,67.0,16.8%,82.0,8.5%,178,13.3%,69.0,15.0%,109.0,12.4%,427,38.8%,57.0,17.4%,370.0,47.9%,200.0,21.6%,39.0,13.2%,161.0,25.6%,291,18.8%,0.0,0.0%,291,22.1%,,,,,,,,,,,,,,,,,,,,,,,,,,,,,,,,,,,,,,,,,,,,,,,,,,,,,,,,,,,,,,,,,,,,,,,,
2019,"        White alone, not Hispanic or Latino","1,080",44.7%,303.0,41.5%,777,46.1%,856,54.5%,100.0,58.5%,756,54.0%,502,36.5%,24.0,28.2%,478,37.0%,388,23.4%,34.0,15.5%,354,24.6%,237,20.1%,34.0,29.1%,203,19.1%,480,30.5%,113.0,27.8%,367,31.5%,464,33.5%,204.0,46.9%,260.0,27.3%,239,17.5%,102.0,25.5%,137.0,14.2%,204,15.2%,106.0,23.0%,98.0,11.2%,47,4.3%,0.0,0.0%,47.0,6.1%,91.0,9.8%,45.0,15.3%,46.0,7.3%,370,23.9%,66.0,28.0%,304,23.1%,,,,,,,,,,,,,,,,,,,,,,,,,,,,,,,,,,,,,,,,,,,,,,,,,,,,,,,,,,,,,,,,,,,,,,,,
2019,    AGE OF HOUSEHOLDER,,,,,,,,,,,,,,,,,,,,,,,,,,,,,,,,,,,,,,,,,,,,,,,,,,,,,,,,,,,,,,,,,,,,,,,,,,,,,,,,,,,,,,,,,,,,,,,,,,,,,,,,,,,,,,,,,,,,,,,,,,,,,,,,,,,,,,,,,,,,,,,,
2019,        Under 35 years,773,32.0%,27.0,3.7%,746,44.3%,414,26.3%,0.0,0.0%,414,29.6%,412,29.9%,0.0,0.0%,412,31.9%,536,32.3%,9.0,4.1%,527,36.6%,360,30.5%,9.0,7.7%,351,33.0%,397,25.3%,29.0,7.1%,368,31.6%,293,21.1%,64.0,14.7%,229.0,24.1%,517,37.8%,63.0,15.8%,454.0,46.9%,297,22.2%,81.0,17.6%,216.0,24.6%,279,25.4%,45.0,13.7%,234.0,30.3%,225.0,24.3%,25.0,8.5%,200.0,31.7%,333,21.5%,38.0,16.1%,295,22.4%,,,,,,,,,,,,,,,,,,,,,,,,,,,,,,,,,,,,,,,,,,,,,,,,,,,,,,,,,,,,,,,,,,,,,,,,
2019,        35 to 44 years,452,18.7%,95.0,13.0%,357,21.2%,442,28.1%,29.0,17.0%,413,29.5%,272,19.8%,0.0,0.0%,272,21.1%,361,21.8%,32.0,14.6%,329,22.9%,351,29.7%,42.0,35.9%,309,29.1%,274,17.4%,45.0,11.1%,229,19.7%,414,29.9%,101.0,23.2%,313.0,32.9%,231,16.9%,56.0,14.0%,175.0,18.1%,283,21.2%,48.0,10.4%,235.0,26.8%,227,20.6%,50.0,15.2%,177.0,22.9%,149.0,16.1%,44.0,14.9%,105.0,16.7%,221,14.2%,32.0,13.6%,189,14.4%,,,,,,,,,,,,,,,,,,,,,,,,,,,,,,,,,,,,,,,,,,,,,,,,,,,,,,,,,,,,,,,,,,,,,,,,
2019,        45 to 54 years,380,15.7%,169.0,23.2%,211,12.5%,338,21.5%,9.0,5.3%,329,23.5%,110,8.0%,7.0,8.2%,103,8.0%,284,17.1%,59.0,26.9%,225,15.6%,120,10.2%,9.0,7.7%,111,10.4%,256,16.3%,77.0,18.9%,179,15.4%,243,17.5%,116.0,26.7%,127.0,13.4%,230,16.8%,147.0,36.8%,83.0,8.6%,265,19.8%,78.0,16.9%,187.0,21.3%,208,18.9%,32.0,9.8%,176.0,22.8%,165.0,17.8%,68.0,23.1%,97.0,15.4%,393,25.3%,77.0,32.6%,316,24.0%,,,,,,,,,,,,,,,,,,,,,,,,,,,,,,,,,,,,,,,,,,,,,,,,,,,,,,,,,,,,,,,,,,,,,,,,
2019,        55 to 64 years,354,14.7%,148.0,20.3%,206,12.2%,148,9.4%,42.0,24.6%,106,7.6%,243,17.6%,24.0,28.2%,219,17.0%,216,13.0%,40.0,18.3%,176,12.2%,275,23.3%,49.0,41.9%,226,21.3%,298,19.0%,103.0,25.3%,195,16.7%,240,17.3%,67.0,15.4%,173.0,18.2%,303,22.1%,90.0,22.5%,213.0,22.0%,259,19.4%,118.0,25.6%,141.0,16.1%,182,16.5%,96.0,29.3%,86.0,11.1%,160.0,17.3%,59.0,20.0%,101.0,16.0%,256,16.5%,40.0,16.9%,216,16.4%,,,,,,,,,,,,,,,,,,,,,,,,,,,,,,,,,,,,,,,,,,,,,,,,,,,,,,,,,,,,,,,,,,,,,,,,
2019,        65 to 74 years,296,12.3%,180.0,24.7%,116,6.9%,197,12.5%,66.0,38.6%,131,9.4%,143,10.4%,16.0,18.8%,127,9.8%,202,12.2%,52.0,23.7%,150,10.4%,40,3.4%,0.0,0.0%,40,3.8%,171,10.9%,62.0,15.2%,109,9.4%,179,12.9%,70.0,16.1%,109.0,11.5%,69,5.0%,37.0,9.3%,32.0,3.3%,127,9.5%,90.0,19.5%,37.0,4.2%,170,15.5%,78.0,23.8%,92.0,11.9%,117.0,12.6%,56.0,19.0%,61.0,9.7%,198,12.8%,49.0,20.8%,149,11.3%,,,,,,,,,,,,,,,,,,,,,,,,,,,,,,,,,,,,,,,,,,,,,,,,,,,,,,,,,,,,,,,,,,,,,,,,
2019,        75 to 84 years,129,5.3%,81.0,11.1%,48,2.9%,33,2.1%,25.0,14.6%,8,0.6%,133,9.7%,33.0,38.8%,100,7.7%,49,3.0%,18.0,8.2%,31,2.2%,26,2.2%,0.0,0.0%,26,2.4%,116,7.4%,57.0,14.0%,59,5.1%,17,1.2%,17.0,3.9%,0.0,0.0%,7,0.5%,7.0,1.8%,0.0,0.0%,99,7.4%,38.0,8.2%,61.0,7.0%,34,3.1%,27.0,8.2%,7.0,0.9%,77.0,8.3%,24.0,8.1%,53.0,8.4%,98,6.3%,0.0,0.0%,98,7.5%,,,,,,,,,,,,,,,,,,,,,,,,,,,,,,,,,,,,,,,,,,,,,,,,,,,,,,,,,,,,,,,,,,,,,,,,
2019,        85 years and over,30,1.2%,30.0,4.1%,0,0.0%,0,0.0%,0.0,0.0%,0,0.0%,64,4.6%,5.0,5.9%,59,4.6%,9,0.5%,9.0,4.1%,0,0.0%,8,0.7%,8.0,6.8%,0,0.0%,60,3.8%,34.0,8.4%,26,2.2%,0,0.0%,0.0,0.0%,0.0,0.0%,11,0.8%,0.0,0.0%,11.0,1.1%,8,0.6%,8.0,1.7%,0.0,0.0%,0,0.0%,0.0,0.0%,0.0,0.0%,32.0,3.5%,19.0,6.4%,13.0,2.1%,52,3.4%,0.0,0.0%,52,4.0%,,,,,,,,,,,,,,,,,,,,,,,,,,,,,,,,,,,,,,,,,,,,,,,,,,,,,,,,,,,,,,,,,,,,,,,,
2019,    EDUCATIONAL ATTAINMENT OF HOUSEHOLDER,,,,,,,,,,,,,,,,,,,,,,,,,,,,,,,,,,,,,,,,,,,,,,,,,,,,,,,,,,,,,,,,,,,,,,,,,,,,,,,,,,,,,,,,,,,,,,,,,,,,,,,,,,,,,,,,,,,,,,,,,,,,,,,,,,,,,,,,,,,,,,,,
2019,        Less than high school graduate,72,3.0%,49.0,6.7%,23,1.4%,57,3.6%,23.0,13.5%,34,2.4%,305,22.1%,38.0,44.7%,267,20.7%,212,12.8%,72.0,32.9%,140,9.7%,218,18.5%,38.0,32.5%,180,16.9%,198,12.6%,84.0,20.6%,114,9.8%,190,13.7%,67.0,15.4%,123.0,12.9%,178,13.0%,100.0,25.0%,78.0,8.1%,345,25.8%,85.0,18.4%,260.0,29.6%,436,39.6%,122.0,37.2%,314.0,40.7%,338.0,36.5%,80.0,27.1%,258.0,41.0%,347,22.4%,21.0,8.9%,326,24.8%,,,,,,,,,,,,,,,,,,,,,,,,,,,,,,,,,,,,,,,,,,,,,,,,,,,,,,,,,,,,,,,,,,,,,,,,
2019,        High school graduate (includes equivalency),296,12.3%,170.0,23.3%,126,7.5%,36,2.3%,12.0,7.0%,24,1.7%,80,5.8%,0.0,0.0%,80,6.2%,238,14.4%,11.0,5.0%,227,15.8%,192,16.3%,18.0,15.4%,174,16.4%,167,10.6%,25.0,6.1%,142,12.2%,190,13.7%,25.0,5.7%,165.0,17.4%,225,16.4%,56.0,14.0%,169.0,17.5%,350,26.2%,48.0,10.4%,302.0,34.4%,285,25.9%,108.0,32.9%,177.0,22.9%,156.0,16.9%,60.0,20.3%,96.0,15.2%,270,17.4%,34.0,14.4%,236,17.9%,,,,,,,,,,,,,,,,,,,,,,,,,,,,,,,,,,,,,,,,,,,,,,,,,,,,,,,,,,,,,,,,,,,,,,,,
2019,        Some college or associate's degree,492,20.4%,104.0,14.2%,388,23.0%,328,20.9%,44.0,25.7%,284,20.3%,287,20.8%,16.0,18.8%,271,21.0%,602,36.3%,45.0,20.5%,557,38.7%,341,28.9%,27.0,23.1%,314,29.5%,452,28.8%,123.0,30.2%,329,28.2%,180,13.0%,23.0,5.3%,157.0,16.5%,461,33.7%,111.0,27.8%,350.0,36.2%,401,30.0%,182.0,39.5%,219.0,25.0%,295,26.8%,66.0,20.1%,229.0,29.7%,216.0,23.4%,64.0,21.7%,152.0,24.1%,427,27.5%,102.0,43.2%,325,24.7%,,,,,,,,,,,,,,,,,,,,,,,,,,,,,,,,,,,,,,,,,,,,,,,,,,,,,,,,,,,,,,,,,,,,,,,,
2019,        Bachelor's degree or higher,"1,554",64.4%,407.0,55.8%,"1,147",68.1%,"1,151",73.2%,92.0,53.8%,"1,059",75.6%,705,51.2%,31.0,36.5%,674,52.2%,605,36.5%,91.0,41.6%,514,35.7%,429,36.4%,34.0,29.1%,395,37.2%,755,48.0%,175.0,43.0%,580,49.8%,826,59.6%,320.0,73.6%,506.0,53.2%,504,36.8%,133.0,33.3%,371.0,38.3%,242,18.1%,146.0,31.7%,96.0,10.9%,84,7.6%,32.0,9.8%,52.0,6.7%,215.0,23.2%,91.0,30.8%,124.0,19.7%,507,32.7%,79.0,33.5%,428,32.5%,,,,,,,,,,,,,,,,,,,,,,,,,,,,,,,,,,,,,,,,,,,,,,,,,,,,,,,,,,,,,,,,,,,,,,,,
2019,    YEAR HOUSEHOLDER MOVED INTO UNIT,,,,,,,,,,,,,,,,,,,,,,,,,,,,,,,,,,,,,,,,,,,,,,,,,,,,,,,,,,,,,,,,,,,,,,,,,,,,,,,,,,,,,,,,,,,,,,,,,,,,,,,,,,,,,,,,,,,,,,,,,,,,,,,,,,,,,,,,,,,,,,,,
2019,        Moved in 2017 or later,155,6.4%,0.0,0.0%,155,9.2%,238,15.1%,0.0,0.0%,238,17.0%,195,14.2%,23.0,27.1%,172,13.3%,138,8.3%,0.0,0.0%,138,9.6%,69,5.8%,13.0,11.1%,56,5.3%,124,7.9%,23.0,5.7%,101,8.7%,24,1.7%,16.0,3.7%,8.0,0.8%,165,12.1%,44.0,11.0%,121.0,12.5%,101,7.5%,20.0,4.3%,81.0,9.2%,113,10.3%,44.0,13.4%,69.0,8.9%,82.0,8.9%,11.0,3.7%,71.0,11.3%,202,13.0%,28.0,11.9%,174,13.2%,,,,,,,,,,,,,,,,,,,,,,,,,,,,,,,,,,,,,,,,,,,,,,,,,,,,,,,,,,,,,,,,,,,,,,,,
2019,        Moved in 2015 to 2016,303,12.6%,69.0,9.5%,234,13.9%,179,11.4%,9.0,5.3%,170,12.1%,290,21.1%,0.0,0.0%,290,22.4%,283,17.1%,9.0,4.1%,274,19.1%,252,21.4%,9.0,7.7%,243,22.9%,313,19.9%,43.0,10.6%,270,23.2%,214,15.4%,62.0,14.3%,152.0,16.0%,204,14.9%,11.0,2.8%,193.0,19.9%,171,12.8%,41.0,8.9%,130.0,14.8%,106,9.6%,13.0,4.0%,93.0,12.0%,111.0,12.0%,38.0,12.9%,73.0,11.6%,146,9.4%,15.0,6.4%,131,10.0%,,,,,,,,,,,,,,,,,,,,,,,,,,,,,,,,,,,,,,,,,,,,,,,,,,,,,,,,,,,,,,,,,,,,,,,,
2019,        Moved in 2010 to 2014,807,33.4%,119.0,16.3%,688,40.9%,545,34.7%,39.0,22.8%,506,36.1%,452,32.8%,16.0,18.8%,436,33.7%,727,43.9%,10.0,4.6%,717,49.9%,522,44.2%,9.0,7.7%,513,48.3%,350,22.3%,27.0,6.6%,323,27.7%,519,37.4%,65.0,14.9%,454.0,47.7%,374,27.3%,102.0,25.5%,272.0,28.1%,442,33.0%,79.0,17.1%,363.0,41.4%,313,28.5%,32.0,9.8%,281.0,36.4%,335.0,36.2%,35.0,11.9%,300.0,47.6%,469,30.2%,50.0,21.2%,419,31.9%,,,,,,,,,,,,,,,,,,,,,,,,,,,,,,,,,,,,,,,,,,,,,,,,,,,,,,,,,,,,,,,,,,,,,,,,
2019,        Moved in 2000 to 2009,530,22.0%,138.0,18.9%,392,23.3%,393,25.0%,21.0,12.3%,372,26.6%,304,22.1%,17.0,20.0%,287,22.2%,232,14.0%,18.0,8.2%,214,14.9%,192,16.3%,42.0,35.9%,150,14.1%,394,25.1%,145.0,35.6%,249,21.4%,342,24.7%,110.0,25.3%,232.0,24.4%,449,32.8%,145.0,36.3%,304.0,31.4%,346,25.9%,72.0,15.6%,274.0,31.2%,322,29.3%,92.0,28.0%,230.0,29.8%,196.0,21.2%,79.0,26.8%,117.0,18.6%,329,21.2%,28.0,11.9%,301,22.9%,,,,,,,,,,,,,,,,,,,,,,,,,,,,,,,,,,,,,,,,,,,,,,,,,,,,,,,,,,,,,,,,,,,,,,,,
2019,        Moved in 1990 to 1999,270,11.2%,176.0,24.1%,94,5.6%,165,10.5%,59.0,34.5%,106,7.6%,81,5.9%,8.0,9.4%,73,5.7%,167,10.1%,91.0,41.6%,76,5.3%,92,7.8%,18.0,15.4%,74,7.0%,206,13.1%,84.0,20.6%,122,10.5%,172,12.4%,116.0,26.7%,56.0,5.9%,90,6.6%,40.0,10.0%,50.0,5.2%,139,10.4%,117.0,25.4%,22.0,2.5%,124,11.3%,42.0,12.8%,82.0,10.6%,132.0,14.3%,63.0,21.4%,69.0,11.0%,129,8.3%,54.0,22.9%,75,5.7%,,,,,,,,,,,,,,,,,,,,,,,,,,,,,,,,,,,,,,,,,,,,,,,,,,,,,,,,,,,,,,,,,,,,,,,,
2019,        Moved in 1989 or earlier,349,14.5%,228.0,31.2%,121,7.2%,52,3.3%,43.0,25.1%,9,0.6%,55,4.0%,21.0,24.7%,34,2.6%,110,6.6%,91.0,41.6%,19,1.3%,53,4.5%,26.0,22.2%,27,2.5%,185,11.8%,85.0,20.9%,100,8.6%,115,8.3%,66.0,15.2%,49.0,5.2%,86,6.3%,58.0,14.5%,28.0,2.9%,139,10.4%,132.0,28.6%,7.0,0.8%,122,11.1%,105.0,32.0%,17.0,2.2%,69.0,7.5%,69.0,23.4%,0.0,0.0%,276,17.8%,61.0,25.8%,215,16.3%,,,,,,,,,,,,,,,,,,,,,,,,,,,,,,,,,,,,,,,,,,,,,,,,,,,,,,,,,,,,,,,,,,,,,,,,
2020,Occupied housing units,"2,215","2,215",672.0,672,"1,543","1,543","1,520","1,520",113.0,113,"1,407","1,407","1,314","1,314",75.0,75,"1,239","1,239","1,612","1,612",171.0,171,"1,441","1,441","1,154","1,154",101.0,101,"1,053","1,053","1,499","1,499",366.0,366,"1,133","1,133","1,388","1,388",387.0,387,"1,001","1,001","1,470","1,470",376.0,376,"1,094","1,094","1,287","1,287",420.0,420,867.0,867,"1,074","1,074",272.0,272,802.0,802,950.0,950,308.0,308,642.0,642,"1,627","1,627",304.0,304,"1,323","1,323",,,,,,,,,,,,,,,,,,,,,,,,,,,,,,,,,,,,,,,,,,,,,,,,,,,,,,,,,,,,,,,,,,,,,,,,
2020,    RACE AND HISPANIC OR LATINO ORIGIN OF HOUSEHOLDER,,,,,,,,,,,,,,,,,,,,,,,,,,,,,,,,,,,,,,,,,,,,,,,,,,,,,,,,,,,,,,,,,,,,,,,,,,,,,,,,,,,,,,,,,,,,,,,,,,,,,,,,,,,,,,,,,,,,,,,,,,,,,,,,,,,,,,,,,,,,,,,,
2020,        One race --,,,,,,,,,,,,,,,,,,,,,,,,,,,,,,,,,,,,,,,,,,,,,,,,,,,,,,,,,,,,,,,,,,,,,,,,,,,,,,,,,,,,,,,,,,,,,,,,,,,,,,,,,,,,,,,,,,,,,,,,,,,,,,,,,,,,,,,,,,,,,,,,
2020,            White,"1,198",54.1%,335.0,49.9%,863,55.9%,903,59.4%,62.0,54.9%,841,59.8%,546,41.6%,22.0,29.3%,524,42.3%,538,33.4%,23.0,13.5%,515,35.7%,228,19.8%,33.0,32.7%,195,18.5%,500,33.4%,111.0,30.3%,389,34.3%,539,38.8%,200.0,51.7%,339,33.9%,313,21.3%,165.0,43.9%,148,13.5%,240,18.6%,114.0,27.1%,126.0,14.5%,137,12.8%,19.0,7.0%,118.0,14.7%,157.0,16.5%,101.0,32.8%,56.0,8.7%,521,32.0%,74.0,24.3%,447,33.8%,,,,,,,,,,,,,,,,,,,,,,,,,,,,,,,,,,,,,,,,,,,,,,,,,,,,,,,,,,,,,,,,,,,,,,,,
2020,            Black or African American,259,11.7%,2.0,0.3%,257,16.7%,215,14.1%,9.0,8.0%,206,14.6%,250,19.0%,0.0,0.0%,250,20.2%,239,14.8%,3.0,1.8%,236,16.4%,347,30.1%,0.0,0.0%,347,33.0%,415,27.7%,97.0,26.5%,318,28.1%,343,24.7%,10.0,2.6%,333,33.3%,683,46.5%,91.0,24.2%,592,54.1%,311,24.2%,98.0,23.3%,213.0,24.6%,159,14.8%,71.0,26.1%,88.0,11.0%,158.0,16.6%,40.0,13.0%,118.0,18.4%,336,20.7%,0.0,0.0%,336,25.4%,,,,,,,,,,,,,,,,,,,,,,,,,,,,,,,,,,,,,,,,,,,,,,,,,,,,,,,,,,,,,,,,,,,,,,,,
2020,            American Indian and Alaska Native,0,0.0%,0.0,0.0%,0,0.0%,0,0.0%,0.0,0.0%,0,0.0%,0,0.0%,0.0,0.0%,0,0.0%,0,0.0%,0.0,0.0%,0,0.0%,29,2.5%,0.0,0.0%,29,2.8%,0,0.0%,0.0,0.0%,0,0.0%,45,3.2%,0.0,0.0%,45,4.5%,8,0.5%,0.0,0.0%,8,0.7%,13,1.0%,0.0,0.0%,13.0,1.5%,0,0.0%,0.0,0.0%,0.0,0.0%,7.0,0.7%,0.0,0.0%,7.0,1.1%,6,0.4%,0.0,0.0%,6,0.5%,,,,,,,,,,,,,,,,,,,,,,,,,,,,,,,,,,,,,,,,,,,,,,,,,,,,,,,,,,,,,,,,,,,,,,,,
2020,            Asian,543,24.5%,295.0,43.9%,248,16.1%,194,12.8%,42.0,37.2%,152,10.8%,446,33.9%,53.0,70.7%,393,31.7%,491,30.5%,145.0,84.8%,346,24.0%,342,29.6%,59.0,58.4%,283,26.9%,388,25.9%,121.0,33.1%,267,23.6%,262,18.9%,177.0,45.7%,85,8.5%,302,20.5%,76.0,20.2%,226,20.7%,516,40.1%,152.0,36.2%,364.0,42.0%,374,34.8%,138.0,50.7%,236.0,29.4%,425.0,44.7%,144.0,46.8%,281.0,43.8%,529,32.5%,222.0,73.0%,307,23.2%,,,,,,,,,,,,,,,,,,,,,,,,,,,,,,,,,,,,,,,,,,,,,,,,,,,,,,,,,,,,,,,,,,,,,,,,
2020,            Native Hawaiian and Other Pacific Islander,0,0.0%,0.0,0.0%,0,0.0%,8,0.5%,0.0,0.0%,8,0.6%,0,0.0%,0.0,0.0%,0,0.0%,0,0.0%,0.0,0.0%,0,0.0%,20,1.7%,0.0,0.0%,20,1.9%,12,0.8%,5.0,1.4%,7,0.6%,0,0.0%,0.0,0.0%,0,0.0%,0,0.0%,0.0,0.0%,0,0.0%,0,0.0%,0.0,0.0%,0.0,0.0%,8,0.7%,0.0,0.0%,8.0,1.0%,0.0,0.0%,0.0,0.0%,0.0,0.0%,7,0.4%,0.0,0.0%,7,0.5%,,,,,,,,,,,,,,,,,,,,,,,,,,,,,,,,,,,,,,,,,,,,,,,,,,,,,,,,,,,,,,,,,,,,,,,,
2020,            Some other race,130,5.9%,0.0,0.0%,130,8.4%,80,5.3%,0.0,0.0%,80,5.7%,14,1.1%,0.0,0.0%,14,1.1%,253,15.7%,0.0,0.0%,253,17.6%,145,12.6%,9.0,8.9%,136,12.9%,101,6.7%,27.0,7.4%,74,6.5%,86,6.2%,0.0,0.0%,86,8.6%,90,6.1%,44.0,11.7%,46,4.2%,108,8.4%,20.0,4.8%,88.0,10.1%,281,26.2%,44.0,16.2%,237.0,29.6%,157.0,16.5%,18.0,5.8%,139.0,21.7%,162,10.0%,0.0,0.0%,162,12.2%,,,,,,,,,,,,,,,,,,,,,,,,,,,,,,,,,,,,,,,,,,,,,,,,,,,,,,,,,,,,,,,,,,,,,,,,
2020,        Two or more races,85,3.8%,40.0,6.0%,45,2.9%,120,7.9%,0.0,0.0%,120,8.5%,58,4.4%,0.0,0.0%,58,4.7%,91,5.6%,0.0,0.0%,91,6.3%,43,3.7%,0.0,0.0%,43,4.1%,83,5.5%,5.0,1.4%,78,6.9%,113,8.1%,0.0,0.0%,113,11.3%,74,5.0%,0.0,0.0%,74,6.8%,99,7.7%,36.0,8.6%,63.0,7.3%,115,10.7%,0.0,0.0%,115.0,14.3%,46.0,4.8%,5.0,1.6%,41.0,6.4%,66,4.1%,8.0,2.6%,58,4.4%,,,,,,,,,,,,,,,,,,,,,,,,,,,,,,,,,,,,,,,,,,,,,,,,,,,,,,,,,,,,,,,,,,,,,,,,
2020,        Hispanic or Latino origin,317,14.3%,41.0,6.1%,276,17.9%,234,15.4%,0.0,0.0%,234,16.6%,88,6.7%,0.0,0.0%,88,7.1%,273,16.9%,0.0,0.0%,273,18.9%,205,17.8%,9.0,8.9%,196,18.6%,164,10.9%,44.0,12.0%,120,10.6%,239,17.2%,43.0,11.1%,196,19.6%,124,8.4%,71.0,18.9%,53,4.8%,189,14.7%,59.0,14.0%,130.0,15.0%,487,45.3%,50.0,18.4%,437.0,54.5%,198.0,20.8%,32.0,10.4%,166.0,25.9%,317,19.5%,0.0,0.0%,317,24.0%,,,,,,,,,,,,,,,,,,,,,,,,,,,,,,,,,,,,,,,,,,,,,,,,,,,,,,,,,,,,,,,,,,,,,,,,
2020,"        White alone, not Hispanic or Latino","1,053",47.5%,320.0,47.6%,733,47.5%,850,55.9%,62.0,54.9%,788,56.0%,508,38.7%,22.0,29.3%,486,39.2%,511,31.7%,23.0,13.5%,488,33.9%,186,16.1%,33.0,32.7%,153,14.5%,447,29.8%,94.0,25.7%,353,31.2%,413,29.8%,157.0,40.6%,256,25.6%,245,16.7%,123.0,32.7%,122,11.2%,184,14.3%,95.0,22.6%,89.0,10.3%,25,2.3%,13.0,4.8%,12.0,1.5%,135.0,14.2%,87.0,28.2%,48.0,7.5%,394,24.2%,74.0,24.3%,320,24.2%,,,,,,,,,,,,,,,,,,,,,,,,,,,,,,,,,,,,,,,,,,,,,,,,,,,,,,,,,,,,,,,,,,,,,,,,
2020,    AGE OF HOUSEHOLDER,,,,,,,,,,,,,,,,,,,,,,,,,,,,,,,,,,,,,,,,,,,,,,,,,,,,,,,,,,,,,,,,,,,,,,,,,,,,,,,,,,,,,,,,,,,,,,,,,,,,,,,,,,,,,,,,,,,,,,,,,,,,,,,,,,,,,,,,,,,,,,,,
2020,        Under 35 years,661,29.8%,42.0,6.3%,619,40.1%,488,32.1%,0.0,0.0%,488,34.7%,475,36.1%,0.0,0.0%,475,38.3%,518,32.1%,0.0,0.0%,518,35.9%,326,28.2%,9.0,8.9%,317,30.1%,460,30.7%,30.0,8.2%,430,38.0%,220,15.9%,28.0,7.2%,192,19.2%,461,31.4%,52.0,13.8%,409,37.4%,291,22.6%,47.0,11.2%,244.0,28.1%,320,29.8%,58.0,21.3%,262.0,32.7%,281.0,29.6%,77.0,25.0%,204.0,31.8%,376,23.1%,32.0,10.5%,344,26.0%,,,,,,,,,,,,,,,,,,,,,,,,,,,,,,,,,,,,,,,,,,,,,,,,,,,,,,,,,,,,,,,,,,,,,,,,
2020,        35 to 44 years,455,20.5%,78.0,11.6%,377,24.4%,449,29.5%,10.0,8.8%,439,31.2%,217,16.5%,0.0,0.0%,217,17.5%,389,24.1%,35.0,20.5%,354,24.6%,270,23.4%,40.0,39.6%,230,21.8%,270,18.0%,29.0,7.9%,241,21.3%,459,33.1%,56.0,14.5%,403,40.3%,228,15.5%,82.0,21.8%,146,13.3%,308,23.9%,103.0,24.5%,205.0,23.6%,217,20.2%,35.0,12.9%,182.0,22.7%,209.0,22.0%,36.0,11.7%,173.0,26.9%,209,12.8%,36.0,11.8%,173,13.1%,,,,,,,,,,,,,,,,,,,,,,,,,,,,,,,,,,,,,,,,,,,,,,,,,,,,,,,,,,,,,,,,,,,,,,,,
2020,        45 to 54 years,380,17.2%,181.0,26.9%,199,12.9%,278,18.3%,7.0,6.2%,271,19.3%,80,6.1%,5.0,6.7%,75,6.1%,173,10.7%,25.0,14.6%,148,10.3%,150,13.0%,10.0,9.9%,140,13.3%,221,14.7%,82.0,22.4%,139,12.3%,286,20.6%,125.0,32.3%,161,16.1%,194,13.2%,66.0,17.6%,128,11.7%,235,18.3%,53.0,12.6%,182.0,21.0%,237,22.1%,28.0,10.3%,209.0,26.1%,123.0,12.9%,57.0,18.5%,66.0,10.3%,342,21.0%,82.0,27.0%,260,19.7%,,,,,,,,,,,,,,,,,,,,,,,,,,,,,,,,,,,,,,,,,,,,,,,,,,,,,,,,,,,,,,,,,,,,,,,,
2020,        55 to 64 years,250,11.3%,119.0,17.7%,131,8.5%,105,6.9%,16.0,14.2%,89,6.3%,190,14.5%,20.0,26.7%,170,13.7%,214,13.3%,42.0,24.6%,172,11.9%,271,23.5%,42.0,41.6%,229,21.7%,273,18.2%,100.0,27.3%,173,15.3%,246,17.7%,101.0,26.1%,145,14.5%,504,34.3%,132.0,35.1%,372,34.0%,236,18.3%,96.0,22.9%,140.0,16.1%,122,11.4%,58.0,21.3%,64.0,8.0%,162.0,17.1%,53.0,17.2%,109.0,17.0%,281,17.3%,45.0,14.8%,236,17.8%,,,,,,,,,,,,,,,,,,,,,,,,,,,,,,,,,,,,,,,,,,,,,,,,,,,,,,,,,,,,,,,,,,,,,,,,
2020,        65 to 74 years,271,12.2%,163.0,24.3%,108,7.0%,169,11.1%,58.0,51.3%,111,7.9%,138,10.5%,22.0,29.3%,116,9.4%,268,16.6%,52.0,30.4%,216,15.0%,35,3.0%,0.0,0.0%,35,3.3%,131,8.7%,44.0,12.0%,87,7.7%,168,12.1%,68.0,17.6%,100,10.0%,56,3.8%,29.0,7.7%,27,2.5%,123,9.6%,90.0,21.4%,33.0,3.8%,134,12.5%,59.0,21.7%,75.0,9.4%,110.0,11.6%,56.0,18.2%,54.0,8.4%,191,11.7%,42.0,13.8%,149,11.3%,,,,,,,,,,,,,,,,,,,,,,,,,,,,,,,,,,,,,,,,,,,,,,,,,,,,,,,,,,,,,,,,,,,,,,,,
2020,        75 to 84 years,174,7.9%,65.0,9.7%,109,7.1%,31,2.0%,22.0,19.5%,9,0.6%,135,10.3%,28.0,37.3%,107,8.6%,50,3.1%,17.0,9.9%,33,2.3%,102,8.8%,0.0,0.0%,102,9.7%,95,6.3%,54.0,14.8%,41,3.6%,9,0.6%,9.0,2.3%,0,0.0%,15,1.0%,15.0,4.0%,0,0.0%,86,6.7%,23.0,5.5%,63.0,7.3%,44,4.1%,34.0,12.5%,10.0,1.2%,56.0,5.9%,20.0,6.5%,36.0,5.6%,82,5.0%,0.0,0.0%,82,6.2%,,,,,,,,,,,,,,,,,,,,,,,,,,,,,,,,,,,,,,,,,,,,,,,,,,,,,,,,,,,,,,,,,,,,,,,,
2020,        85 years and over,24,1.1%,24.0,3.6%,0,0.0%,0,0.0%,0.0,0.0%,0,0.0%,79,6.0%,0.0,0.0%,79,6.4%,0,0.0%,0.0,0.0%,0,0.0%,0,0.0%,0.0,0.0%,0,0.0%,49,3.3%,27.0,7.4%,22,1.9%,0,0.0%,0.0,0.0%,0,0.0%,12,0.8%,0.0,0.0%,12,1.1%,8,0.6%,8.0,1.9%,0.0,0.0%,0,0.0%,0.0,0.0%,0.0,0.0%,9.0,0.9%,9.0,2.9%,0.0,0.0%,146,9.0%,67.0,22.0%,79,6.0%,,,,,,,,,,,,,,,,,,,,,,,,,,,,,,,,,,,,,,,,,,,,,,,,,,,,,,,,,,,,,,,,,,,,,,,,
2020,    EDUCATIONAL ATTAINMENT OF HOUSEHOLDER,,,,,,,,,,,,,,,,,,,,,,,,,,,,,,,,,,,,,,,,,,,,,,,,,,,,,,,,,,,,,,,,,,,,,,,,,,,,,,,,,,,,,,,,,,,,,,,,,,,,,,,,,,,,,,,,,,,,,,,,,,,,,,,,,,,,,,,,,,,,,,,,
2020,        Less than high school graduate,59,2.7%,34.0,5.1%,25,1.6%,129,8.5%,27.0,23.9%,102,7.2%,246,18.7%,36.0,48.0%,210,16.9%,207,12.8%,45.0,26.3%,162,11.2%,216,18.7%,19.0,18.8%,197,18.7%,166,11.1%,62.0,16.9%,104,9.2%,160,11.5%,58.0,15.0%,102,10.2%,163,11.1%,88.0,23.4%,75,6.9%,297,23.1%,62.0,14.8%,235.0,27.1%,375,34.9%,71.0,26.1%,304.0,37.9%,274.0,28.8%,61.0,19.8%,213.0,33.2%,355,21.8%,28.0,9.2%,327,24.7%,,,,,,,,,,,,,,,,,,,,,,,,,,,,,,,,,,,,,,,,,,,,,,,,,,,,,,,,,,,,,,,,,,,,,,,,
2020,        High school graduate (includes equivalency),307,13.9%,177.0,26.3%,130,8.4%,17,1.1%,7.0,6.2%,10,0.7%,54,4.1%,0.0,0.0%,54,4.4%,195,12.1%,11.0,6.4%,184,12.8%,262,22.7%,18.0,17.8%,244,23.2%,142,9.5%,20.0,5.5%,122,10.8%,178,12.8%,28.0,7.2%,150,15.0%,200,13.6%,41.0,10.9%,159,14.5%,343,26.7%,62.0,14.8%,281.0,32.4%,325,30.3%,94.0,34.6%,231.0,28.8%,157.0,16.5%,44.0,14.3%,113.0,17.6%,249,15.3%,30.0,9.9%,219,16.6%,,,,,,,,,,,,,,,,,,,,,,,,,,,,,,,,,,,,,,,,,,,,,,,,,,,,,,,,,,,,,,,,,,,,,,,,
2020,        Some college or associate's degree,408,18.4%,106.0,15.8%,302,19.6%,281,18.5%,23.0,20.4%,258,18.3%,220,16.7%,14.0,18.7%,206,16.6%,491,30.5%,33.0,19.3%,458,31.8%,356,30.8%,31.0,30.7%,325,30.9%,438,29.2%,148.0,40.4%,290,25.6%,184,13.3%,50.0,12.9%,134,13.4%,641,43.6%,97.0,25.8%,544,49.7%,343,26.7%,148.0,35.2%,195.0,22.5%,239,22.3%,66.0,24.3%,173.0,21.6%,205.0,21.6%,62.0,20.1%,143.0,22.3%,427,26.2%,159.0,52.3%,268,20.3%,,,,,,,,,,,,,,,,,,,,,,,,,,,,,,,,,,,,,,,,,,,,,,,,,,,,,,,,,,,,,,,,,,,,,,,,
2020,        Bachelor's degree or higher,"1,441",65.1%,355.0,52.8%,"1,086",70.4%,"1,093",71.9%,56.0,49.6%,"1,037",73.7%,794,60.4%,25.0,33.3%,769,62.1%,719,44.6%,82.0,48.0%,637,44.2%,320,27.7%,33.0,32.7%,287,27.3%,753,50.2%,136.0,37.2%,617,54.5%,866,62.4%,251.0,64.9%,615,61.4%,466,31.7%,150.0,39.9%,316,28.9%,304,23.6%,148.0,35.2%,156.0,18.0%,135,12.6%,41.0,15.1%,94.0,11.7%,314.0,33.1%,141.0,45.8%,173.0,26.9%,596,36.6%,87.0,28.6%,509,38.5%,,,,,,,,,,,,,,,,,,,,,,,,,,,,,,,,,,,,,,,,,,,,,,,,,,,,,,,,,,,,,,,,,,,,,,,,
2020,    YEAR HOUSEHOLDER MOVED INTO UNIT,,,,,,,,,,,,,,,,,,,,,,,,,,,,,,,,,,,,,,,,,,,,,,,,,,,,,,,,,,,,,,,,,,,,,,,,,,,,,,,,,,,,,,,,,,,,,,,,,,,,,,,,,,,,,,,,,,,,,,,,,,,,,,,,,,,,,,,,,,,,,,,,
2020,        Moved in 2019 or later,59,2.7%,5.0,0.7%,54,3.5%,140,9.2%,0.0,0.0%,140,10.0%,56,4.3%,0.0,0.0%,56,4.5%,73,4.5%,0.0,0.0%,73,5.1%,28,2.4%,0.0,0.0%,28,2.7%,15,1.0%,9.0,2.5%,6,0.5%,48,3.5%,8.0,2.1%,40,4.0%,44,3.0%,15.0,4.0%,29,2.7%,68,5.3%,24.0,5.7%,44.0,5.1%,41,3.8%,0.0,0.0%,41.0,5.1%,44.0,4.6%,0.0,0.0%,44.0,6.9%,23,1.4%,0.0,0.0%,23,1.7%,,,,,,,,,,,,,,,,,,,,,,,,,,,,,,,,,,,,,,,,,,,,,,,,,,,,,,,,,,,,,,,,,,,,,,,,
2020,        Moved in 2015 to 2018,533,24.1%,67.0,10.0%,466,30.2%,431,28.4%,7.0,6.2%,424,30.1%,563,42.8%,20.0,26.7%,543,43.8%,419,26.0%,12.0,7.0%,407,28.2%,351,30.4%,25.0,24.8%,326,31.0%,458,30.6%,52.0,14.2%,406,35.8%,229,16.5%,71.0,18.3%,158,15.8%,580,39.5%,120.0,31.9%,460,42.0%,369,28.7%,78.0,18.6%,291.0,33.6%,285,26.5%,62.0,22.8%,223.0,27.8%,268.0,28.2%,100.0,32.5%,168.0,26.2%,397,24.4%,73.0,24.0%,324,24.5%,,,,,,,,,,,,,,,,,,,,,,,,,,,,,,,,,,,,,,,,,,,,,,,,,,,,,,,,,,,,,,,,,,,,,,,,
2020,        Moved in 2010 to 2014,638,28.8%,123.0,18.3%,515,33.4%,398,26.2%,18.0,15.9%,380,27.0%,278,21.2%,14.0,18.7%,264,21.3%,626,38.8%,0.0,0.0%,626,43.4%,408,35.4%,9.0,8.9%,399,37.9%,330,22.0%,18.0,4.9%,312,27.5%,621,44.7%,102.0,26.4%,519,51.8%,279,19.0%,56.0,14.9%,223,20.4%,380,29.5%,68.0,16.2%,312.0,36.0%,249,23.2%,31.0,11.4%,218.0,27.2%,308.0,32.4%,41.0,13.3%,267.0,41.6%,442,27.2%,45.0,14.8%,397,30.0%,,,,,,,,,,,,,,,,,,,,,,,,,,,,,,,,,,,,,,,,,,,,,,,,,,,,,,,,,,,,,,,,,,,,,,,,
2020,        Moved in 2000 to 2009,398,18.0%,128.0,19.0%,270,17.5%,280,18.4%,0.0,0.0%,280,19.9%,292,22.2%,18.0,24.0%,274,22.1%,293,18.2%,29.0,17.0%,264,18.3%,151,13.1%,27.0,26.7%,124,11.8%,387,25.8%,144.0,39.3%,243,21.4%,262,18.9%,66.0,17.1%,196,19.6%,365,24.8%,85.0,22.6%,280,25.6%,274,21.3%,73.0,17.4%,201.0,23.2%,279,26.0%,64.0,23.5%,215.0,26.8%,176.0,18.5%,62.0,20.1%,114.0,17.8%,335,20.6%,37.0,12.2%,298,22.5%,,,,,,,,,,,,,,,,,,,,,,,,,,,,,,,,,,,,,,,,,,,,,,,,,,,,,,,,,,,,,,,,,,,,,,,,
2020,        Moved in 1990 to 1999,296,13.4%,163.0,24.3%,133,8.6%,158,10.4%,50.0,44.2%,108,7.7%,87,6.6%,13.0,17.3%,74,6.0%,120,7.4%,70.0,40.9%,50,3.5%,165,14.3%,21.0,20.8%,144,13.7%,166,11.1%,81.0,22.1%,85,7.5%,140,10.1%,91.0,23.5%,49,4.9%,117,8.0%,44.0,11.7%,73,6.7%,89,6.9%,70.0,16.7%,19.0,2.2%,110,10.2%,21.0,7.7%,89.0,11.1%,98.0,10.3%,49.0,15.9%,49.0,7.6%,154,9.5%,48.0,15.8%,106,8.0%,,,,,,,,,,,,,,,,,,,,,,,,,,,,,,,,,,,,,,,,,,,,,,,,,,,,,,,,,,,,,,,,,,,,,,,,
2020,        Moved in 1989 or earlier,291,13.1%,186.0,27.7%,105,6.8%,113,7.4%,38.0,33.6%,75,5.3%,38,2.9%,10.0,13.3%,28,2.3%,81,5.0%,60.0,35.1%,21,1.5%,51,4.4%,19.0,18.8%,32,3.0%,143,9.5%,62.0,16.9%,81,7.1%,88,6.3%,49.0,12.7%,39,3.9%,85,5.8%,56.0,14.9%,29,2.7%,107,8.3%,107.0,25.5%,0.0,0.0%,110,10.2%,94.0,34.6%,16.0,2.0%,56.0,5.9%,56.0,18.2%,0.0,0.0%,276,17.0%,101.0,33.2%,175,13.2%,,,,,,,,,,,,,,,,,,,,,,,,,,,,,,,,,,,,,,,,,,,,,,,,,,,,,,,,,,,,,,,,,,,,,,,,
2021,Occupied housing units,"2,266","2,266",621.0,621,"1,645","1,645","1,556","1,556",117.0,117,"1,439","1,439","1,453","1,453",102.0,102,"1,351","1,351","1,617","1,617",171.0,171,"1,446","1,446","1,191","1,191",97.0,97,"1,094","1,094","1,561","1,561",367.0,367,"1,194","1,194","1,453","1,453",347.0,347,"1,106","1,106","1,497","1,497",388.0,388,"1,109","1,109","1,362","1,362",506.0,506,856.0,856,"1,111","1,111",287.0,287,824.0,824,941.0,941,318.0,318,623.0,623,"1,728","1,728",276.0,276,"1,452","1,452",,,,,,,,,,,,,,,,,,,,,,,,,,,,,,,,,,,,,,,,,,,,,,,,,,,,,,,,,,,,,,,,,,,,,,,,
2021,    RACE AND HISPANIC OR LATINO ORIGIN OF HOUSEHOLDER,,,,,,,,,,,,,,,,,,,,,,,,,,,,,,,,,,,,,,,,,,,,,,,,,,,,,,,,,,,,,,,,,,,,,,,,,,,,,,,,,,,,,,,,,,,,,,,,,,,,,,,,,,,,,,,,,,,,,,,,,,,,,,,,,,,,,,,,,,,,,,,,
2021,        One race --,,,,,,,,,,,,,,,,,,,,,,,,,,,,,,,,,,,,,,,,,,,,,,,,,,,,,,,,,,,,,,,,,,,,,,,,,,,,,,,,,,,,,,,,,,,,,,,,,,,,,,,,,,,,,,,,,,,,,,,,,,,,,,,,,,,,,,,,,,,,,,,,
2021,            White,"1,091",48.1%,323.0,52.0%,768,46.7%,828,53.2%,67.0,57.3%,761,52.9%,550,37.9%,29.0,28.4%,521,38.6%,566,35.0%,39.0,22.8%,527,36.4%,238,20.0%,13.0,13.4%,225,20.6%,570,36.5%,129.0,35.1%,441,36.9%,589,40.5%,151.0,43.5%,438,39.6%,321,21.4%,166.0,42.8%,155,14.0%,234,17.2%,139.0,27.5%,95.0,11.1%,139,12.5%,20.0,7.0%,119.0,14.4%,167.0,17.7%,120.0,37.7%,47.0,7.5%,593,34.3%,76.0,27.5%,517,35.6%,,,,,,,,,,,,,,,,,,,,,,,,,,,,,,,,,,,,,,,,,,,,,,,,,,,,,,,,,,,,,,,,,,,,,,,,
2021,            Black or African American,375,16.5%,27.0,4.3%,348,21.2%,262,16.8%,9.0,7.7%,253,17.6%,390,26.8%,0.0,0.0%,390,28.9%,230,14.2%,24.0,14.0%,206,14.2%,302,25.4%,0.0,0.0%,302,27.6%,314,20.1%,53.0,14.4%,261,21.9%,317,21.8%,8.0,2.3%,309,27.9%,562,37.5%,70.0,18.0%,492,44.4%,320,23.5%,103.0,20.4%,217.0,25.4%,167,15.0%,31.0,10.8%,136.0,16.5%,166.0,17.6%,47.0,14.8%,119.0,19.1%,279,16.1%,0.0,0.0%,279,19.2%,,,,,,,,,,,,,,,,,,,,,,,,,,,,,,,,,,,,,,,,,,,,,,,,,,,,,,,,,,,,,,,,,,,,,,,,
2021,            American Indian and Alaska Native,0,0.0%,0.0,0.0%,0,0.0%,0,0.0%,0.0,0.0%,0,0.0%,12,0.8%,0.0,0.0%,12,0.9%,0,0.0%,0.0,0.0%,0,0.0%,28,2.4%,0.0,0.0%,28,2.6%,0,0.0%,0.0,0.0%,0,0.0%,48,3.3%,0.0,0.0%,48,4.3%,10,0.7%,0.0,0.0%,10,0.9%,12,0.9%,0.0,0.0%,12.0,1.4%,0,0.0%,0.0,0.0%,0.0,0.0%,18.0,1.9%,5.0,1.6%,13.0,2.1%,17,1.0%,0.0,0.0%,17,1.2%,,,,,,,,,,,,,,,,,,,,,,,,,,,,,,,,,,,,,,,,,,,,,,,,,,,,,,,,,,,,,,,,,,,,,,,,
2021,            Asian,527,23.3%,220.0,35.4%,307,18.7%,226,14.5%,41.0,35.0%,185,12.9%,431,29.7%,73.0,71.6%,358,26.5%,490,30.3%,108.0,63.2%,382,26.4%,384,32.2%,71.0,73.2%,313,28.6%,426,27.3%,136.0,37.1%,290,24.3%,266,18.3%,161.0,46.4%,105,9.5%,351,23.4%,109.0,28.1%,242,21.8%,564,41.4%,203.0,40.1%,361.0,42.2%,402,36.2%,184.0,64.1%,218.0,26.5%,355.0,37.7%,127.0,39.9%,228.0,36.6%,565,32.7%,193.0,69.9%,372,25.6%,,,,,,,,,,,,,,,,,,,,,,,,,,,,,,,,,,,,,,,,,,,,,,,,,,,,,,,,,,,,,,,,,,,,,,,,
2021,            Native Hawaiian and Other Pacific Islander,0,0.0%,0.0,0.0%,0,0.0%,6,0.4%,0.0,0.0%,6,0.4%,0,0.0%,0.0,0.0%,0,0.0%,0,0.0%,0.0,0.0%,0,0.0%,0,0.0%,0.0,0.0%,0,0.0%,35,2.2%,8.0,2.2%,27,2.3%,0,0.0%,0.0,0.0%,0,0.0%,0,0.0%,0.0,0.0%,0,0.0%,0,0.0%,0.0,0.0%,0.0,0.0%,25,2.3%,0.0,0.0%,25.0,3.0%,0.0,0.0%,0.0,0.0%,0.0,0.0%,14,0.8%,0.0,0.0%,14,1.0%,,,,,,,,,,,,,,,,,,,,,,,,,,,,,,,,,,,,,,,,,,,,,,,,,,,,,,,,,,,,,,,,,,,,,,,,
2021,            Some other race,143,6.3%,15.0,2.4%,128,7.8%,94,6.0%,0.0,0.0%,94,6.5%,24,1.7%,0.0,0.0%,24,1.8%,249,15.4%,0.0,0.0%,249,17.2%,189,15.9%,13.0,13.4%,176,16.1%,119,7.6%,34.0,9.3%,85,7.1%,80,5.5%,2.0,0.6%,78,7.1%,160,10.7%,34.0,8.8%,126,11.4%,119,8.7%,24.0,4.7%,95.0,11.1%,224,20.2%,32.0,11.1%,192.0,23.3%,175.0,18.6%,15.0,4.7%,160.0,25.7%,188,10.9%,0.0,0.0%,188,12.9%,,,,,,,,,,,,,,,,,,,,,,,,,,,,,,,,,,,,,,,,,,,,,,,,,,,,,,,,,,,,,,,,,,,,,,,,
2021,        Two or more races,130,5.7%,36.0,5.8%,94,5.7%,140,9.0%,0.0,0.0%,140,9.7%,46,3.2%,0.0,0.0%,46,3.4%,82,5.1%,0.0,0.0%,82,5.7%,50,4.2%,0.0,0.0%,50,4.6%,97,6.2%,7.0,1.9%,90,7.5%,153,10.5%,25.0,7.2%,128,11.6%,93,6.2%,9.0,2.3%,84,7.6%,113,8.3%,37.0,7.3%,76.0,8.9%,154,13.9%,20.0,7.0%,134.0,16.3%,60.0,6.4%,4.0,1.3%,56.0,9.0%,72,4.2%,7.0,2.5%,65,4.5%,,,,,,,,,,,,,,,,,,,,,,,,,,,,,,,,,,,,,,,,,,,,,,,,,,,,,,,,,,,,,,,,,,,,,,,,
2021,        Hispanic or Latino origin,223,9.8%,38.0,6.1%,185,11.2%,235,15.1%,0.0,0.0%,235,16.3%,80,5.5%,0.0,0.0%,80,5.9%,279,17.3%,0.0,0.0%,279,19.3%,243,20.4%,13.0,13.4%,230,21.0%,174,11.1%,65.0,17.7%,109,9.1%,261,18.0%,39.0,11.2%,222,20.1%,214,14.3%,73.0,18.8%,141,12.7%,188,13.8%,46.0,9.1%,142.0,16.6%,454,40.9%,59.0,20.6%,395.0,47.9%,233.0,24.8%,37.0,11.6%,196.0,31.5%,285,16.5%,0.0,0.0%,285,19.6%,,,,,,,,,,,,,,,,,,,,,,,,,,,,,,,,,,,,,,,,,,,,,,,,,,,,,,,,,,,,,,,,,,,,,,,,
2021,"        White alone, not Hispanic or Latino","1,036",45.7%,309.0,49.8%,727,44.2%,793,51.0%,67.0,57.3%,726,50.5%,512,35.2%,29.0,28.4%,483,35.8%,534,33.0%,39.0,22.8%,495,34.2%,190,16.0%,13.0,13.4%,177,16.2%,518,33.2%,109.0,29.7%,409,34.3%,456,31.4%,127.0,36.6%,329,29.7%,272,18.2%,127.0,32.7%,145,13.1%,198,14.5%,139.0,27.5%,59.0,6.9%,42,3.8%,13.0,4.5%,29.0,3.5%,135.0,14.3%,98.0,30.8%,37.0,5.9%,499,28.9%,76.0,27.5%,423,29.1%,,,,,,,,,,,,,,,,,,,,,,,,,,,,,,,,,,,,,,,,,,,,,,,,,,,,,,,,,,,,,,,,,,,,,,,,
2021,    AGE OF HOUSEHOLDER,,,,,,,,,,,,,,,,,,,,,,,,,,,,,,,,,,,,,,,,,,,,,,,,,,,,,,,,,,,,,,,,,,,,,,,,,,,,,,,,,,,,,,,,,,,,,,,,,,,,,,,,,,,,,,,,,,,,,,,,,,,,,,,,,,,,,,,,,,,,,,,,
2021,        Under 35 years,672,29.7%,57.0,9.2%,615,37.4%,429,27.6%,0.0,0.0%,429,29.8%,550,37.9%,0.0,0.0%,550,40.7%,440,27.2%,0.0,0.0%,440,30.4%,418,35.1%,21.0,21.6%,397,36.3%,446,28.6%,27.0,7.4%,419,35.1%,250,17.2%,20.0,5.8%,230,20.8%,414,27.7%,66.0,17.0%,348,31.4%,346,25.4%,45.0,8.9%,301.0,35.2%,280,25.2%,56.0,19.5%,224.0,27.2%,272.0,28.9%,74.0,23.3%,198.0,31.8%,344,19.9%,0.0,0.0%,344,23.7%,,,,,,,,,,,,,,,,,,,,,,,,,,,,,,,,,,,,,,,,,,,,,,,,,,,,,,,,,,,,,,,,,,,,,,,,
2021,        35 to 44 years,414,18.3%,38.0,6.1%,376,22.9%,555,35.7%,28.0,23.9%,527,36.6%,212,14.6%,0.0,0.0%,212,15.7%,412,25.5%,21.0,12.3%,391,27.0%,249,20.9%,26.0,26.8%,223,20.4%,268,17.2%,19.0,5.2%,249,20.9%,472,32.5%,65.0,18.7%,407,36.8%,273,18.2%,67.0,17.3%,206,18.6%,381,28.0%,156.0,30.8%,225.0,26.3%,239,21.5%,28.0,9.8%,211.0,25.6%,169.0,18.0%,41.0,12.9%,128.0,20.5%,300,17.4%,45.0,16.3%,255,17.6%,,,,,,,,,,,,,,,,,,,,,,,,,,,,,,,,,,,,,,,,,,,,,,,,,,,,,,,,,,,,,,,,,,,,,,,,
2021,        45 to 54 years,336,14.8%,133.0,21.4%,203,12.3%,259,16.6%,0.0,0.0%,259,18.0%,118,8.1%,28.0,27.5%,90,6.7%,248,15.3%,28.0,16.4%,220,15.2%,124,10.4%,7.0,7.2%,117,10.7%,321,20.6%,114.0,31.1%,207,17.3%,302,20.8%,98.0,28.2%,204,18.4%,165,11.0%,75.0,19.3%,90,8.1%,210,15.4%,61.0,12.1%,149.0,17.4%,254,22.9%,77.0,26.8%,177.0,21.5%,133.0,14.1%,50.0,15.7%,83.0,13.3%,411,23.8%,73.0,26.4%,338,23.3%,,,,,,,,,,,,,,,,,,,,,,,,,,,,,,,,,,,,,,,,,,,,,,,,,,,,,,,,,,,,,,,,,,,,,,,,
2021,        55 to 64 years,277,12.2%,87.0,14.0%,190,11.6%,115,7.4%,15.0,12.8%,100,6.9%,199,13.7%,33.0,32.4%,166,12.3%,193,11.9%,46.0,26.9%,147,10.2%,229,19.2%,18.0,18.6%,211,19.3%,248,15.9%,77.0,21.0%,171,14.3%,245,16.9%,94.0,27.1%,151,13.7%,561,37.5%,119.0,30.7%,442,39.9%,249,18.3%,134.0,26.5%,115.0,13.4%,162,14.6%,36.0,12.5%,126.0,15.3%,161.0,17.1%,47.0,14.8%,114.0,18.3%,281,16.3%,45.0,16.3%,236,16.3%,,,,,,,,,,,,,,,,,,,,,,,,,,,,,,,,,,,,,,,,,,,,,,,,,,,,,,,,,,,,,,,,,,,,,,,,
2021,        65 to 74 years,371,16.4%,225.0,36.2%,146,8.9%,179,11.5%,55.0,47.0%,124,8.6%,201,13.8%,23.0,22.5%,178,13.2%,294,18.2%,65.0,38.0%,229,15.8%,41,3.4%,0.0,0.0%,41,3.7%,156,10.0%,55.0,15.0%,101,8.5%,184,12.7%,70.0,20.2%,114,10.3%,46,3.1%,35.0,9.0%,11,1.0%,112,8.2%,79.0,15.6%,33.0,3.9%,125,11.3%,64.0,22.3%,61.0,7.4%,132.0,14.0%,68.0,21.4%,64.0,10.3%,138,8.0%,37.0,13.4%,101,7.0%,,,,,,,,,,,,,,,,,,,,,,,,,,,,,,,,,,,,,,,,,,,,,,,,,,,,,,,,,,,,,,,,,,,,,,,,
2021,        75 to 84 years,178,7.9%,63.0,10.1%,115,7.0%,19,1.2%,19.0,16.2%,0,0.0%,111,7.6%,18.0,17.6%,93,6.9%,19,1.2%,0.0,0.0%,19,1.3%,105,8.8%,0.0,0.0%,105,9.6%,94,6.0%,47.0,12.8%,47,3.9%,0,0.0%,0.0,0.0%,0,0.0%,26,1.7%,26.0,6.7%,0,0.0%,58,4.3%,25.0,4.9%,33.0,3.9%,38,3.4%,13.0,4.5%,25.0,3.0%,52.0,5.5%,16.0,5.0%,36.0,5.8%,104,6.0%,8.0,2.9%,96,6.6%,,,,,,,,,,,,,,,,,,,,,,,,,,,,,,,,,,,,,,,,,,,,,,,,,,,,,,,,,,,,,,,,,,,,,,,,
2021,        85 years and over,18,0.8%,18.0,2.9%,0,0.0%,0,0.0%,0.0,0.0%,0,0.0%,62,4.3%,0.0,0.0%,62,4.6%,11,0.7%,11.0,6.4%,0,0.0%,25,2.1%,25.0,25.8%,0,0.0%,28,1.8%,28.0,7.6%,0,0.0%,0,0.0%,0.0,0.0%,0,0.0%,12,0.8%,0.0,0.0%,12,1.1%,6,0.4%,6.0,1.2%,0.0,0.0%,13,1.2%,13.0,4.5%,0.0,0.0%,22.0,2.3%,22.0,6.9%,0.0,0.0%,150,8.7%,68.0,24.6%,82,5.6%,,,,,,,,,,,,,,,,,,,,,,,,,,,,,,,,,,,,,,,,,,,,,,,,,,,,,,,,,,,,,,,,,,,,,,,,
2021,    EDUCATIONAL ATTAINMENT OF HOUSEHOLDER,,,,,,,,,,,,,,,,,,,,,,,,,,,,,,,,,,,,,,,,,,,,,,,,,,,,,,,,,,,,,,,,,,,,,,,,,,,,,,,,,,,,,,,,,,,,,,,,,,,,,,,,,,,,,,,,,,,,,,,,,,,,,,,,,,,,,,,,,,,,,,,,
2021,        Less than high school graduate,60,2.6%,35.0,5.6%,25,1.5%,101,6.5%,23.0,19.7%,78,5.4%,199,13.7%,26.0,25.5%,173,12.8%,179,11.1%,0.0,0.0%,179,12.4%,170,14.3%,18.0,18.6%,152,13.9%,214,13.7%,87.0,23.7%,127,10.6%,185,12.7%,48.0,13.8%,137,12.4%,119,7.9%,47.0,12.1%,72,6.5%,257,18.9%,66.0,13.0%,191.0,22.3%,319,28.7%,60.0,20.9%,259.0,31.4%,263.0,27.9%,64.0,20.1%,199.0,31.9%,425,24.6%,33.0,12.0%,392,27.0%,,,,,,,,,,,,,,,,,,,,,,,,,,,,,,,,,,,,,,,,,,,,,,,,,,,,,,,,,,,,,,,,,,,,,,,,
2021,        High school graduate (includes equivalency),279,12.3%,141.0,22.7%,138,8.4%,19,1.2%,0.0,0.0%,19,1.3%,82,5.6%,0.0,0.0%,82,6.1%,136,8.4%,11.0,6.4%,125,8.6%,290,24.3%,21.0,21.6%,269,24.6%,175,11.2%,42.0,11.4%,133,11.1%,153,10.5%,32.0,9.2%,121,10.9%,256,17.1%,33.0,8.5%,223,20.1%,329,24.2%,64.0,12.6%,265.0,31.0%,382,34.4%,98.0,34.1%,284.0,34.5%,140.0,14.9%,60.0,18.9%,80.0,12.8%,195,11.3%,27.0,9.8%,168,11.6%,,,,,,,,,,,,,,,,,,,,,,,,,,,,,,,,,,,,,,,,,,,,,,,,,,,,,,,,,,,,,,,,,,,,,,,,
2021,        Some college or associate's degree,431,19.0%,139.0,22.4%,292,17.8%,286,18.4%,24.0,20.5%,262,18.2%,274,18.9%,35.0,34.3%,239,17.7%,555,34.3%,46.0,26.9%,509,35.2%,288,24.2%,32.0,33.0%,256,23.4%,436,27.9%,100.0,27.2%,336,28.1%,229,15.8%,69.0,19.9%,160,14.5%,631,42.2%,106.0,27.3%,525,47.3%,366,26.9%,144.0,28.5%,222.0,25.9%,263,23.7%,81.0,28.2%,182.0,22.1%,246.0,26.1%,65.0,20.4%,181.0,29.1%,401,23.2%,125.0,45.3%,276,19.0%,,,,,,,,,,,,,,,,,,,,,,,,,,,,,,,,,,,,,,,,,,,,,,,,,,,,,,,,,,,,,,,,,,,,,,,,
2021,        Bachelor's degree or higher,"1,496",66.0%,306.0,49.3%,"1,190",72.3%,"1,150",73.9%,70.0,59.8%,"1,080",75.1%,898,61.8%,41.0,40.2%,857,63.4%,747,46.2%,114.0,66.7%,633,43.8%,443,37.2%,26.0,26.8%,417,38.1%,736,47.1%,138.0,37.6%,598,50.1%,886,61.0%,198.0,57.1%,688,62.2%,491,32.8%,202.0,52.1%,289,26.1%,410,30.1%,232.0,45.8%,178.0,20.8%,147,13.2%,48.0,16.7%,99.0,12.0%,292.0,31.0%,129.0,40.6%,163.0,26.2%,707,40.9%,91.0,33.0%,616,42.4%,,,,,,,,,,,,,,,,,,,,,,,,,,,,,,,,,,,,,,,,,,,,,,,,,,,,,,,,,,,,,,,,,,,,,,,,
2021,    YEAR HOUSEHOLDER MOVED INTO UNIT,,,,,,,,,,,,,,,,,,,,,,,,,,,,,,,,,,,,,,,,,,,,,,,,,,,,,,,,,,,,,,,,,,,,,,,,,,,,,,,,,,,,,,,,,,,,,,,,,,,,,,,,,,,,,,,,,,,,,,,,,,,,,,,,,,,,,,,,,,,,,,,,
2021,        Moved in 2019 or later,147,6.5%,14.0,2.3%,133,8.1%,213,13.7%,0.0,0.0%,213,14.8%,211,14.5%,0.0,0.0%,211,15.6%,145,9.0%,11.0,6.4%,134,9.3%,105,8.8%,0.0,0.0%,105,9.6%,141,9.0%,10.0,2.7%,131,11.0%,135,9.3%,3.0,0.9%,132,11.9%,112,7.5%,22.0,5.7%,90,8.1%,69,5.1%,27.0,5.3%,42.0,4.9%,128,11.5%,20.0,7.0%,108.0,13.1%,66.0,7.0%,0.0,0.0%,66.0,10.6%,161,9.3%,0.0,0.0%,161,11.1%,,,,,,,,,,,,,,,,,,,,,,,,,,,,,,,,,,,,,,,,,,,,,,,,,,,,,,,,,,,,,,,,,,,,,,,,
2021,        Moved in 2015 to 2018,635,28.0%,92.0,14.8%,543,33.0%,418,26.9%,0.0,0.0%,418,29.0%,548,37.7%,30.0,29.4%,518,38.3%,409,25.3%,10.0,5.8%,399,27.6%,363,30.5%,13.0,13.4%,350,32.0%,419,26.8%,56.0,15.3%,363,30.4%,233,16.0%,66.0,19.0%,167,15.1%,642,42.9%,106.0,27.3%,536,48.3%,430,31.6%,74.0,14.6%,356.0,41.6%,300,27.0%,61.0,21.3%,239.0,29.0%,302.0,32.1%,109.0,34.3%,193.0,31.0%,436,25.2%,85.0,30.8%,351,24.2%,,,,,,,,,,,,,,,,,,,,,,,,,,,,,,,,,,,,,,,,,,,,,,,,,,,,,,,,,,,,,,,,,,,,,,,,
2021,        Moved in 2010 to 2014,518,22.9%,94.0,15.1%,424,25.8%,412,26.5%,43.0,36.8%,369,25.6%,322,22.2%,15.0,14.7%,307,22.7%,598,37.0%,0.0,0.0%,598,41.4%,345,29.0%,8.0,8.2%,337,30.8%,320,20.5%,28.0,7.6%,292,24.5%,568,39.1%,93.0,26.8%,475,42.9%,286,19.1%,64.0,16.5%,222,20.0%,378,27.8%,84.0,16.6%,294.0,34.3%,250,22.5%,28.0,9.8%,222.0,26.9%,253.0,26.9%,12.0,3.8%,241.0,38.7%,435,25.2%,17.0,6.2%,418,28.8%,,,,,,,,,,,,,,,,,,,,,,,,,,,,,,,,,,,,,,,,,,,,,,,,,,,,,,,,,,,,,,,,,,,,,,,,
2021,        Moved in 2000 to 2009,391,17.3%,128.0,20.6%,263,16.0%,269,17.3%,0.0,0.0%,269,18.7%,245,16.9%,20.0,19.6%,225,16.7%,309,19.1%,60.0,35.1%,249,17.2%,182,15.3%,18.0,18.6%,164,15.0%,389,24.9%,87.0,23.7%,302,25.3%,282,19.4%,62.0,17.9%,220,19.9%,279,18.6%,77.0,19.8%,202,18.2%,289,21.2%,133.0,26.3%,156.0,18.2%,193,17.4%,55.0,19.2%,138.0,16.7%,169.0,18.0%,72.0,22.6%,97.0,15.6%,326,18.9%,37.0,13.4%,289,19.9%,,,,,,,,,,,,,,,,,,,,,,,,,,,,,,,,,,,,,,,,,,,,,,,,,,,,,,,,,,,,,,,,,,,,,,,,
2021,        Moved in 1990 to 1999,273,12.0%,135.0,21.7%,138,8.4%,145,9.3%,49.0,41.9%,96,6.7%,84,5.8%,19.0,18.6%,65,4.8%,87,5.4%,30.0,17.5%,57,3.9%,113,9.5%,13.0,13.4%,100,9.1%,150,9.6%,110.0,30.0%,40,3.4%,152,10.5%,86.0,24.8%,66,6.0%,77,5.1%,33.0,8.5%,44,4.0%,108,7.9%,100.0,19.8%,8.0,0.9%,92,8.3%,14.0,4.9%,78.0,9.5%,88.0,9.4%,62.0,19.5%,26.0,4.2%,172,10.0%,44.0,15.9%,128,8.8%,,,,,,,,,,,,,,,,,,,,,,,,,,,,,,,,,,,,,,,,,,,,,,,,,,,,,,,,,,,,,,,,,,,,,,,,
2021,        Moved in 1989 or earlier,302,13.3%,158.0,25.4%,144,8.8%,99,6.4%,25.0,21.4%,74,5.1%,43,3.0%,18.0,17.6%,25,1.9%,69,4.3%,60.0,35.1%,9,0.6%,83,7.0%,45.0,46.4%,38,3.5%,142,9.1%,76.0,20.7%,66,5.5%,83,5.7%,37.0,10.7%,46,4.2%,101,6.7%,86.0,22.2%,15,1.4%,88,6.5%,88.0,17.4%,0.0,0.0%,148,13.3%,109.0,38.0%,39.0,4.7%,63.0,6.7%,63.0,19.8%,0.0,0.0%,198,11.5%,93.0,33.7%,105,7.2%,,,,,,,,,,,,,,,,,,,,,,,,,,,,,,,,,,,,,,,,,,,,,,,,,,,,,,,,,,,,,,,,,,,,,,,,
2022,Occupied housing units,,,,,,,,,,,,,,,,,,,,,,,,,,,,,,,,,,,,,,,,,,,,,,,,,,,,,,,,,,,,,,,,,,,,,,,,,"2,292","2,292",587.0,587,"1,705","1,705","1,479","1,479",147.0,147,"1,332","1,332","1,539","1,539",126.0,126,"1,413","1,413","1,584","1,584",156.0,156,"1,428","1,428","1,232","1,232",125.0,125,"1,107","1,107","1,610","1,610",405.0,405,"1,205","1,205","1,447","1,447",378.0,378,"1,069","1,069","1,505","1,505",463.0,463,"1,042","1,042","1,342","1,342",479.0,479,863.0,863,"1,089","1,089",276.0,276,813.0,813,923.0,923,360.0,360,563.0,563,"1,816","1,816",336.0,336,"1,480","1,480"
2022,    RACE AND HISPANIC OR LATINO ORIGIN OF HOUSEHOLDER,,,,,,,,,,,,,,,,,,,,,,,,,,,,,,,,,,,,,,,,,,,,,,,,,,,,,,,,,,,,,,,,,,,,,,,,,,,,,,,,,,,,,,,,,,,,,,,,,,,,,,,,,,,,,,,,,,,,,,,,,,,,,,,,,,,,,,,,,,,,,,,,
2022,        One race --,,,,,,,,,,,,,,,,,,,,,,,,,,,,,,,,,,,,,,,,,,,,,,,,,,,,,,,,,,,,,,,,,,,,,,,,,,,,,,,,,,,,,,,,,,,,,,,,,,,,,,,,,,,,,,,,,,,,,,,,,,,,,,,,,,,,,,,,,,,,,,,,
2022,            White,,,,,,,,,,,,,,,,,,,,,,,,,,,,,,,,,,,,,,,,,,,,,,,,,,,,,,,,,,,,,,,,,,,,,,,,,"1,089",47.5%,293.0,49.9%,796,46.7%,802,54.2%,73.0,49.7%,729,54.7%,543,35.3%,24.0,19.0%,519,36.7%,556,35.1%,18.0,11.5%,538,37.7%,246,20.0%,29.0,23.2%,217,19.6%,433,26.9%,137.0,33.8%,296,24.6%,649,44.9%,169.0,44.7%,480,44.9%,321,21.3%,181.0,39.1%,140,13.4%,238,17.7%,166.0,34.7%,72.0,8.3%,122,11.2%,59.0,21.4%,63.0,7.7%,143.0,15.5%,97.0,26.9%,46.0,8.2%,511,28.1%,61.0,18.2%,450,30.4%
2022,            Black or African American,,,,,,,,,,,,,,,,,,,,,,,,,,,,,,,,,,,,,,,,,,,,,,,,,,,,,,,,,,,,,,,,,,,,,,,,,403,17.6%,20.0,3.4%,383,22.5%,233,15.8%,8.0,5.4%,225,16.9%,452,29.4%,0.0,0.0%,452,32.0%,267,16.9%,24.0,15.4%,243,17.0%,303,24.6%,0.0,0.0%,303,27.4%,365,22.7%,43.0,10.6%,322,26.7%,318,22.0%,8.0,2.1%,310,29.0%,556,36.9%,69.0,14.9%,487,46.7%,331,24.7%,88.0,18.4%,243.0,28.2%,214,19.7%,26.0,9.4%,188.0,23.1%,128.0,13.9%,22.0,6.1%,106.0,18.8%,345,19.0%,60.0,17.9%,285,19.3%
2022,            American Indian and Alaska Native,,,,,,,,,,,,,,,,,,,,,,,,,,,,,,,,,,,,,,,,,,,,,,,,,,,,,,,,,,,,,,,,,,,,,,,,,0,0.0%,0.0,0.0%,0,0.0%,0,0.0%,0.0,0.0%,0,0.0%,13,0.8%,0.0,0.0%,13,0.9%,8,0.5%,0.0,0.0%,8,0.6%,6,0.5%,0.0,0.0%,6,0.5%,0,0.0%,0.0,0.0%,0,0.0%,32,2.2%,0.0,0.0%,32,3.0%,27,1.8%,13.0,2.8%,14,1.3%,11,0.8%,0.0,0.0%,11.0,1.3%,16,1.5%,16.0,5.8%,0.0,0.0%,20.0,2.2%,3.0,0.8%,17.0,3.0%,35,1.9%,0.0,0.0%,35,2.4%
2022,            Asian,,,,,,,,,,,,,,,,,,,,,,,,,,,,,,,,,,,,,,,,,,,,,,,,,,,,,,,,,,,,,,,,,,,,,,,,,540,23.6%,220.0,37.5%,320,18.8%,215,14.5%,37.0,25.2%,178,13.4%,434,28.2%,102.0,81.0%,332,23.5%,443,28.0%,114.0,73.1%,329,23.0%,448,36.4%,85.0,68.0%,363,32.8%,478,29.7%,176.0,43.5%,302,25.1%,239,16.5%,164.0,43.4%,75,7.0%,315,20.9%,132.0,28.5%,183,17.6%,521,38.8%,144.0,30.1%,377.0,43.7%,382,35.1%,159.0,57.6%,223.0,27.4%,365.0,39.5%,172.0,47.8%,193.0,34.3%,655,36.1%,215.0,64.0%,440,29.7%
2022,            Native Hawaiian and Other Pacific Islander,,,,,,,,,,,,,,,,,,,,,,,,,,,,,,,,,,,,,,,,,,,,,,,,,,,,,,,,,,,,,,,,,,,,,,,,,0,0.0%,0.0,0.0%,0,0.0%,5,0.3%,0.0,0.0%,5,0.4%,0,0.0%,0.0,0.0%,0,0.0%,0,0.0%,0.0,0.0%,0,0.0%,0,0.0%,0.0,0.0%,0,0.0%,22,1.4%,0.0,0.0%,22,1.8%,0,0.0%,0.0,0.0%,0,0.0%,0,0.0%,0.0,0.0%,0,0.0%,0,0.0%,0.0,0.0%,0.0,0.0%,34,3.1%,0.0,0.0%,34.0,4.2%,0.0,0.0%,0.0,0.0%,0.0,0.0%,0,0.0%,0.0,0.0%,0,0.0%
2022,            Some other race,,,,,,,,,,,,,,,,,,,,,,,,,,,,,,,,,,,,,,,,,,,,,,,,,,,,,,,,,,,,,,,,,,,,,,,,,52,2.3%,12.0,2.0%,40,2.3%,55,3.7%,0.0,0.0%,55,4.1%,29,1.9%,0.0,0.0%,29,2.1%,229,14.5%,0.0,0.0%,229,16.0%,203,16.5%,11.0,8.8%,192,17.3%,138,8.6%,38.0,9.4%,100,8.3%,57,3.9%,5.0,1.3%,52,4.9%,169,11.2%,39.0,8.4%,130,12.5%,159,11.8%,54.0,11.3%,105.0,12.2%,148,13.6%,11.0,4.0%,137.0,16.9%,199.0,21.6%,48.0,13.3%,151.0,26.8%,228,12.6%,0.0,0.0%,228,15.4%
2022,        Two or more races,,,,,,,,,,,,,,,,,,,,,,,,,,,,,,,,,,,,,,,,,,,,,,,,,,,,,,,,,,,,,,,,,,,,,,,,,208,9.1%,42.0,7.2%,166,9.7%,169,11.4%,29.0,19.7%,140,10.5%,68,4.4%,0.0,0.0%,68,4.8%,81,5.1%,0.0,0.0%,81,5.7%,26,2.1%,0.0,0.0%,26,2.3%,174,10.8%,11.0,2.7%,163,13.5%,152,10.5%,32.0,8.5%,120,11.2%,117,7.8%,29.0,6.3%,88,8.4%,82,6.1%,27.0,5.6%,55.0,6.4%,173,15.9%,5.0,1.8%,168.0,20.7%,68.0,7.4%,18.0,5.0%,50.0,8.9%,42,2.3%,0.0,0.0%,42,2.8%
2022,        Hispanic or Latino origin,,,,,,,,,,,,,,,,,,,,,,,,,,,,,,,,,,,,,,,,,,,,,,,,,,,,,,,,,,,,,,,,,,,,,,,,,203,8.9%,40.0,6.8%,163,9.6%,222,15.0%,0.0,0.0%,222,16.7%,61,4.0%,0.0,0.0%,61,4.3%,303,19.1%,0.0,0.0%,303,21.2%,209,17.0%,11.0,8.8%,198,17.9%,189,11.7%,49.0,12.1%,140,11.6%,237,16.4%,48.0,12.7%,189,17.7%,237,15.7%,86.0,18.6%,151,14.5%,203,15.1%,76.0,15.9%,127.0,14.7%,290,26.6%,24.0,8.7%,266.0,32.7%,259.0,28.1%,74.0,20.6%,185.0,32.9%,309,17.0%,0.0,0.0%,309,20.9%
2022,"        White alone, not Hispanic or Latino",,,,,,,,,,,,,,,,,,,,,,,,,,,,,,,,,,,,,,,,,,,,,,,,,,,,,,,,,,,,,,,,,,,,,,,,,"1,007",43.9%,280.0,47.7%,727,42.6%,760,51.4%,73.0,49.7%,687,51.6%,535,34.8%,24.0,19.0%,511,36.2%,502,31.7%,18.0,11.5%,484,33.9%,217,17.6%,29.0,23.2%,188,17.0%,421,26.1%,137.0,33.8%,284,23.6%,541,37.4%,148.0,39.2%,393,36.8%,276,18.3%,147.0,31.7%,129,12.4%,216,16.1%,166.0,34.7%,50.0,5.8%,88,8.1%,51.0,18.5%,37.0,4.6%,125.0,13.5%,79.0,21.9%,46.0,8.2%,432,23.8%,61.0,18.2%,371,25.1%
2022,    AGE OF HOUSEHOLDER,,,,,,,,,,,,,,,,,,,,,,,,,,,,,,,,,,,,,,,,,,,,,,,,,,,,,,,,,,,,,,,,,,,,,,,,,,,,,,,,,,,,,,,,,,,,,,,,,,,,,,,,,,,,,,,,,,,,,,,,,,,,,,,,,,,,,,,,,,,,,,,,
2022,        Under 35 years,,,,,,,,,,,,,,,,,,,,,,,,,,,,,,,,,,,,,,,,,,,,,,,,,,,,,,,,,,,,,,,,,,,,,,,,,594,25.9%,69.0,11.8%,525,30.8%,449,30.4%,8.0,5.4%,441,33.1%,611,39.7%,29.0,23.0%,582,41.2%,529,33.4%,8.0,5.1%,521,36.5%,389,31.6%,28.0,22.4%,361,32.6%,422,26.2%,31.0,7.7%,391,32.4%,272,18.8%,16.0,4.2%,256,23.9%,412,27.4%,100.0,21.6%,312,29.9%,306,22.8%,41.0,8.6%,265.0,30.7%,307,28.2%,28.0,10.1%,279.0,34.3%,285.0,30.9%,58.0,16.1%,227.0,40.3%,318,17.5%,0.0,0.0%,318,21.5%
2022,        35 to 44 years,,,,,,,,,,,,,,,,,,,,,,,,,,,,,,,,,,,,,,,,,,,,,,,,,,,,,,,,,,,,,,,,,,,,,,,,,463,20.2%,20.0,3.4%,443,26.0%,484,32.7%,29.0,19.7%,455,34.2%,234,15.2%,0.0,0.0%,234,16.6%,391,24.7%,9.0,5.8%,382,26.8%,260,21.1%,40.0,32.0%,220,19.9%,297,18.4%,53.0,13.1%,244,20.2%,432,29.9%,77.0,20.4%,355,33.2%,233,15.5%,77.0,16.6%,156,15.0%,439,32.7%,212.0,44.3%,227.0,26.3%,234,21.5%,46.0,16.7%,188.0,23.1%,195.0,21.1%,85.0,23.6%,110.0,19.5%,230,12.7%,27.0,8.0%,203,13.7%
2022,        45 to 54 years,,,,,,,,,,,,,,,,,,,,,,,,,,,,,,,,,,,,,,,,,,,,,,,,,,,,,,,,,,,,,,,,,,,,,,,,,376,16.4%,173.0,29.5%,203,11.9%,199,13.5%,0.0,0.0%,199,14.9%,124,8.1%,37.0,29.4%,87,6.2%,227,14.3%,45.0,28.8%,182,12.7%,141,11.4%,6.0,4.8%,135,12.2%,283,17.6%,92.0,22.7%,191,15.9%,272,18.8%,100.0,26.5%,172,16.1%,184,12.2%,60.0,13.0%,124,11.9%,197,14.7%,52.0,10.9%,145.0,16.8%,230,21.1%,83.0,30.1%,147.0,18.1%,96.0,10.4%,48.0,13.3%,48.0,8.5%,523,28.8%,109.0,32.4%,414,28.0%
2022,        55 to 64 years,,,,,,,,,,,,,,,,,,,,,,,,,,,,,,,,,,,,,,,,,,,,,,,,,,,,,,,,,,,,,,,,,,,,,,,,,295,12.9%,82.0,14.0%,213,12.5%,147,9.9%,19.0,12.9%,128,9.6%,202,13.1%,34.0,27.0%,168,11.9%,160,10.1%,37.0,23.7%,123,8.6%,196,15.9%,28.0,22.4%,168,15.2%,280,17.4%,80.0,19.8%,200,16.6%,274,18.9%,113.0,29.9%,161,15.1%,559,37.1%,133.0,28.7%,426,40.9%,180,13.4%,85.0,17.7%,95.0,11.0%,142,13.0%,29.0,10.5%,113.0,13.9%,171.0,18.5%,75.0,20.8%,96.0,17.1%,269,14.8%,33.0,9.8%,236,15.9%
2022,        65 to 74 years,,,,,,,,,,,,,,,,,,,,,,,,,,,,,,,,,,,,,,,,,,,,,,,,,,,,,,,,,,,,,,,,,,,,,,,,,336,14.7%,154.0,26.2%,182,10.7%,155,10.5%,74.0,50.3%,81,6.1%,206,13.4%,26.0,20.6%,180,12.7%,235,14.8%,46.0,29.5%,189,13.2%,79,6.4%,0.0,0.0%,79,7.1%,162,10.1%,38.0,9.4%,124,10.3%,186,12.9%,61.0,16.1%,125,11.7%,58,3.9%,46.0,9.9%,12,1.2%,125,9.3%,69.0,14.4%,56.0,6.5%,109,10.0%,53.0,19.2%,56.0,6.9%,125.0,13.5%,61.0,16.9%,64.0,11.4%,217,11.9%,77.0,22.9%,140,9.5%
2022,        75 to 84 years,,,,,,,,,,,,,,,,,,,,,,,,,,,,,,,,,,,,,,,,,,,,,,,,,,,,,,,,,,,,,,,,,,,,,,,,,182,7.9%,58.0,9.9%,124,7.3%,45,3.0%,17.0,11.6%,28,2.1%,119,7.7%,0.0,0.0%,119,8.4%,21,1.3%,0.0,0.0%,21,1.5%,144,11.7%,0.0,0.0%,144,13.0%,158,9.8%,103.0,25.4%,55,4.6%,0,0.0%,0.0,0.0%,0,0.0%,59,3.9%,47.0,10.2%,12,1.2%,95,7.1%,20.0,4.2%,75.0,8.7%,43,3.9%,13.0,4.7%,30.0,3.7%,38.0,4.1%,20.0,5.6%,18.0,3.2%,108,5.9%,9.0,2.7%,99,6.7%
2022,        85 years and over,,,,,,,,,,,,,,,,,,,,,,,,,,,,,,,,,,,,,,,,,,,,,,,,,,,,,,,,,,,,,,,,,,,,,,,,,46,2.0%,31.0,5.3%,15,0.9%,0,0.0%,0.0,0.0%,0,0.0%,43,2.8%,0.0,0.0%,43,3.0%,21,1.3%,11.0,7.1%,10,0.7%,23,1.9%,23.0,18.4%,0,0.0%,8,0.5%,8.0,2.0%,0,0.0%,11,0.8%,11.0,2.9%,0,0.0%,0,0.0%,0.0,0.0%,0,0.0%,0,0.0%,0.0,0.0%,0.0,0.0%,24,2.2%,24.0,8.7%,0.0,0.0%,13.0,1.4%,13.0,3.6%,0.0,0.0%,151,8.3%,81.0,24.1%,70,4.7%
2022,    EDUCATIONAL ATTAINMENT OF HOUSEHOLDER,,,,,,,,,,,,,,,,,,,,,,,,,,,,,,,,,,,,,,,,,,,,,,,,,,,,,,,,,,,,,,,,,,,,,,,,,,,,,,,,,,,,,,,,,,,,,,,,,,,,,,,,,,,,,,,,,,,,,,,,,,,,,,,,,,,,,,,,,,,,,,,,
2022,        Less than high school graduate,,,,,,,,,,,,,,,,,,,,,,,,,,,,,,,,,,,,,,,,,,,,,,,,,,,,,,,,,,,,,,,,,,,,,,,,,127,5.5%,70.0,11.9%,57,3.3%,100,6.8%,22.0,15.0%,78,5.9%,144,9.4%,8.0,6.3%,136,9.6%,186,11.7%,20.0,12.8%,166,11.6%,199,16.2%,28.0,22.4%,171,15.4%,198,12.3%,65.0,16.0%,133,11.0%,167,11.5%,80.0,21.2%,87,8.1%,99,6.6%,34.0,7.3%,65,6.2%,268,20.0%,34.0,7.1%,234.0,27.1%,198,18.2%,51.0,18.5%,147.0,18.1%,236.0,25.6%,97.0,26.9%,139.0,24.7%,470,25.9%,28.0,8.3%,442,29.9%
2022,        High school graduate (includes equivalency),,,,,,,,,,,,,,,,,,,,,,,,,,,,,,,,,,,,,,,,,,,,,,,,,,,,,,,,,,,,,,,,,,,,,,,,,237,10.3%,84.0,14.3%,153,9.0%,23,1.6%,0.0,0.0%,23,1.7%,134,8.7%,0.0,0.0%,134,9.5%,141,8.9%,11.0,7.1%,130,9.1%,297,24.1%,13.0,10.4%,284,25.7%,225,14.0%,51.0,12.6%,174,14.4%,136,9.4%,31.0,8.2%,105,9.8%,286,19.0%,35.0,7.6%,251,24.1%,353,26.3%,79.0,16.5%,274.0,31.7%,387,35.5%,73.0,26.4%,314.0,38.6%,204.0,22.1%,70.0,19.4%,134.0,23.8%,173,9.5%,42.0,12.5%,131,8.9%
2022,        Some college or associate's degree,,,,,,,,,,,,,,,,,,,,,,,,,,,,,,,,,,,,,,,,,,,,,,,,,,,,,,,,,,,,,,,,,,,,,,,,,381,16.6%,136.0,23.2%,245,14.4%,204,13.8%,27.0,18.4%,177,13.3%,290,18.8%,43.0,34.1%,247,17.5%,495,31.3%,42.0,26.9%,453,31.7%,299,24.3%,29.0,23.2%,270,24.4%,399,24.8%,72.0,17.8%,327,27.1%,208,14.4%,75.0,19.8%,133,12.4%,589,39.1%,119.0,25.7%,470,45.1%,318,23.7%,127.0,26.5%,191.0,22.1%,310,28.5%,101.0,36.6%,209.0,25.7%,204.0,22.1%,69.0,19.2%,135.0,24.0%,427,23.5%,149.0,44.3%,278,18.8%
2022,        Bachelor's degree or higher,,,,,,,,,,,,,,,,,,,,,,,,,,,,,,,,,,,,,,,,,,,,,,,,,,,,,,,,,,,,,,,,,,,,,,,,,"1,547",67.5%,297.0,50.6%,"1,250",73.3%,"1,152",77.9%,98.0,66.7%,"1,054",79.1%,971,63.1%,75.0,59.5%,896,63.4%,762,48.1%,83.0,53.2%,679,47.5%,437,35.5%,55.0,44.0%,382,34.5%,788,48.9%,217.0,53.6%,571,47.4%,936,64.7%,192.0,50.8%,744,69.6%,531,35.3%,275.0,59.4%,256,24.6%,403,30.0%,239.0,49.9%,164.0,19.0%,194,17.8%,51.0,18.5%,143.0,17.6%,279.0,30.2%,124.0,34.4%,155.0,27.5%,746,41.1%,117.0,34.8%,629,42.5%
2022,    YEAR HOUSEHOLDER MOVED INTO UNIT,,,,,,,,,,,,,,,,,,,,,,,,,,,,,,,,,,,,,,,,,,,,,,,,,,,,,,,,,,,,,,,,,,,,,,,,,,,,,,,,,,,,,,,,,,,,,,,,,,,,,,,,,,,,,,,,,,,,,,,,,,,,,,,,,,,,,,,,,,,,,,,,
2022,        Moved in 2021 or later,,,,,,,,,,,,,,,,,,,,,,,,,,,,,,,,,,,,,,,,,,,,,,,,,,,,,,,,,,,,,,,,,,,,,,,,,130,5.7%,12.0,2.0%,118,6.9%,125,8.5%,8.0,5.4%,117,8.8%,219,14.2%,0.0,0.0%,219,15.5%,186,11.7%,0.0,0.0%,186,13.0%,59,4.8%,0.0,0.0%,59,5.3%,104,6.5%,11.0,2.7%,93,7.7%,88,6.1%,22.0,5.8%,66,6.2%,97,6.4%,68.0,14.7%,29,2.8%,87,6.5%,0.0,0.0%,87.0,10.1%,56,5.1%,9.0,3.3%,47.0,5.8%,21.0,2.3%,21.0,5.8%,0.0,0.0%,113,6.2%,11.0,3.3%,102,6.9%
2022,        Moved in 2018 to 2020,,,,,,,,,,,,,,,,,,,,,,,,,,,,,,,,,,,,,,,,,,,,,,,,,,,,,,,,,,,,,,,,,,,,,,,,,307,13.4%,5.0,0.9%,302,17.7%,345,23.3%,0.0,0.0%,345,25.9%,399,25.9%,44.0,34.9%,355,25.1%,249,15.7%,10.0,6.4%,239,16.7%,171,13.9%,0.0,0.0%,171,15.4%,191,11.9%,45.0,11.1%,146,12.1%,215,14.9%,11.0,2.9%,204,19.1%,290,19.3%,61.0,13.2%,229,22.0%,208,15.5%,58.0,12.1%,150.0,17.4%,345,31.7%,58.0,21.0%,287.0,35.3%,180.0,19.5%,15.0,4.2%,165.0,29.3%,196,10.8%,19.0,5.7%,177,12.0%
2022,        Moved in 2010 to 2017,,,,,,,,,,,,,,,,,,,,,,,,,,,,,,,,,,,,,,,,,,,,,,,,,,,,,,,,,,,,,,,,,,,,,,,,,952,41.5%,188.0,32.0%,764,44.8%,615,41.6%,77.0,52.4%,538,40.4%,640,41.6%,30.0,23.8%,610,43.2%,722,45.6%,28.0,17.9%,694,48.6%,558,45.3%,31.0,24.8%,527,47.6%,565,35.1%,62.0,15.3%,503,41.7%,695,48.0%,200.0,52.9%,495,46.3%,734,48.8%,132.0,28.5%,602,57.8%,578,43.1%,159.0,33.2%,419.0,48.6%,343,31.5%,40.0,14.5%,303.0,37.3%,420.0,45.5%,91.0,25.3%,329.0,58.4%,777,42.8%,113.0,33.6%,664,44.9%
2022,        Moved in 2000 to 2009,,,,,,,,,,,,,,,,,,,,,,,,,,,,,,,,,,,,,,,,,,,,,,,,,,,,,,,,,,,,,,,,,,,,,,,,,438,19.1%,167.0,28.4%,271,15.9%,213,14.4%,0.0,0.0%,213,16.0%,159,10.3%,25.0,19.8%,134,9.5%,303,19.1%,51.0,32.7%,252,17.6%,215,17.5%,14.0,11.2%,201,18.2%,399,24.8%,93.0,23.0%,306,25.4%,293,20.2%,52.0,13.8%,241,22.5%,203,13.5%,63.0,13.6%,140,13.4%,290,21.6%,112.0,23.4%,178.0,20.6%,186,17.1%,52.0,18.8%,134.0,16.5%,167.0,18.1%,120.0,33.3%,47.0,8.3%,347,19.1%,37.0,11.0%,310,20.9%
2022,        Moved in 1990 to 1999,,,,,,,,,,,,,,,,,,,,,,,,,,,,,,,,,,,,,,,,,,,,,,,,,,,,,,,,,,,,,,,,,,,,,,,,,201,8.8%,49.0,8.3%,152,8.9%,87,5.9%,40.0,27.2%,47,3.5%,89,5.8%,27.0,21.4%,62,4.4%,70,4.4%,26.0,16.7%,44,3.1%,134,10.9%,26.0,20.8%,108,9.8%,155,9.6%,83.0,20.5%,72,6.0%,101,7.0%,57.0,15.1%,44,4.1%,99,6.6%,64.0,13.8%,35,3.4%,74,5.5%,53.0,11.1%,21.0,2.4%,30,2.8%,20.0,7.2%,10.0,1.2%,95.0,10.3%,73.0,20.3%,22.0,3.9%,169,9.3%,39.0,11.6%,130,8.8%
2022,        Moved in 1989 or earlier,,,,,,,,,,,,,,,,,,,,,,,,,,,,,,,,,,,,,,,,,,,,,,,,,,,,,,,,,,,,,,,,,,,,,,,,,264,11.5%,166.0,28.3%,98,5.7%,94,6.4%,22.0,15.0%,72,5.4%,33,2.1%,0.0,0.0%,33,2.3%,54,3.4%,41.0,26.3%,13,0.9%,95,7.7%,54.0,43.2%,41,3.7%,196,12.2%,111.0,27.4%,85,7.1%,55,3.8%,36.0,9.5%,19,1.8%,82,5.4%,75.0,16.2%,7,0.7%,105,7.8%,97.0,20.3%,8.0,0.9%,129,11.8%,97.0,35.1%,32.0,3.9%,40.0,4.3%,40.0,11.1%,0.0,0.0%,214,11.8%,117.0,34.8%,97,6.6%
